timestamp_utc,city,target_date,ecmwf_max_c,gfs_max_c,predicted_bucket,polymarket_price,all_bucket_prices,snapshot_id,lead_time_hours,model_spread_c,abs_model_spread_c,ecmwf_run_utc,gfs_run_utc,market_implied_temp_c,market_implied_temp_used_open_bucket_approx,market_vs_ecmwf_c,market_vs_gfs_c,ecmwf_bucket,ecmwf_bucket_probability,gfs_bucket,gfs_bucket_probability,market_modal_bucket,market_modal_bucket_price,ecmwf_change_c,gfs_change_c,market_implied_change_c,data_quality
2026-08-15 09:15:27,Hong Kong,2026-08-15,30.7,31.5,31°C,0.9975,"{""27°C or below"": 0.0005, ""28°C"": 0.0005, ""29°C"": 0.0005, ""30°C"": 0.0005, ""31°C"": 0.9975, ""32°C"": 0.0015, ""33°C"": 0.0015, ""34°C"": 0.0005, ""35°C"": 0.0005, ""36°C"": 0.0005, ""37°C or higher"": 0.0005}",843aacb8,-17.26,-0.8,0.8,,,31.01,True,0.31,-0.49,31°C,0.9975,32°C,0.0015,31°C,0.9975,-0.4,-0.8,,IMPLIED_TEMP_USED_OPEN_BUCKET_APPROX
2026-08-15 09:15:27,Tokyo,2026-08-15,28.5,30.5,28°C,0.0005,"{""24°C or below"": 0.0005, ""25°C"": 0.0005, ""26°C"": 0.0005, ""27°C"": 0.0005, ""28°C"": 0.0005, ""29°C"": 0.9995, ""30°C"": 0.0005, ""31°C"": 0.0005, ""32°C"": 0.0005, ""33°C"": 0.0005, ""34°C or higher"": 0.0005}",843aacb8,-18.26,-2.0,2.0,,,29.0,True,0.5,-1.5,28°C,0.0005,30°C,0.0005,29°C,0.9995,2.0,0.3,,IMPLIED_TEMP_USED_OPEN_BUCKET_APPROX
2026-08-15 09:15:27,Shanghai,2026-08-15,30.7,30.9,31°C,0.9985,"{""25°C or below"": 0.0005, ""26°C"": 0.0005, ""27°C"": 0.0005, ""28°C"": 0.0005, ""29°C"": 0.0005, ""30°C"": 0.0005, ""31°C"": 0.9985, ""32°C"": 0.0015, ""33°C"": 0.0005, ""34°C"": 0.0005, ""35°C or higher"": 0.0005}",843aacb8,-17.26,-0.2,0.2,,,31.0,True,0.3,0.1,31°C,0.9985,31°C,0.9985,31°C,0.9985,1.3,2.1,,IMPLIED_TEMP_USED_OPEN_BUCKET_APPROX
2026-08-15 09:15:27,Qingdao,2026-08-15,31.1,30.3,31°C,0.9965,"{""33°C"": 0.0005, ""34°C"": 0.0005, ""35°C or higher"": 0.0005, ""32°C"": 0.0045, ""25°C or below"": 0.0005, ""26°C"": 0.0005, ""27°C"": 0.0005, ""28°C"": 0.0005, ""29°C"": 0.0005, ""30°C"": 0.0005, ""31°C"": 0.9965}",843aacb8,-17.26,0.8,0.8,,,31.0,True,-0.1,0.7,31°C,0.9965,30°C,0.0005,31°C,0.9965,-0.9,-1.2,,IMPLIED_TEMP_USED_OPEN_BUCKET_APPROX
2026-08-15 09:15:27,Seoul,2026-08-15,28.2,25.2,28°C,0.999,"{""34°C or higher"": 0.0005, ""24°C or below"": 0.0005, ""25°C"": 0.0005, ""26°C"": 0.0005, ""27°C"": 0.0005, ""28°C"": 0.999, ""29°C"": 0.0005, ""30°C"": 0.0005, ""31°C"": 0.0005, ""32°C"": 0.0005, ""33°C"": 0.0005}",843aacb8,-18.26,3.0,3.0,,,28.01,True,-0.19,2.81,28°C,0.999,25°C,0.0005,28°C,0.999,-0.1,-2.6,,IMPLIED_TEMP_USED_OPEN_BUCKET_APPROX
2026-08-15 09:15:27,Guangzhou,2026-08-15,32.8,35.3,33°C,0.0005,"{""29°C or below"": 0.0005, ""30°C"": 0.0005, ""31°C"": 0.0005, ""32°C"": 0.0005, ""33°C"": 0.0005, ""34°C"": 0.0005, ""35°C"": 0.9985, ""36°C"": 0.0025, ""37°C"": 0.0005, ""38°C"": 0.0005, ""39°C or higher"": 0.0005}",843aacb8,-17.26,-2.5,2.5,,,35.0,True,2.2,-0.3,33°C,0.0005,35°C,0.9985,35°C,0.9985,-0.2,-1.4,,IMPLIED_TEMP_USED_OPEN_BUCKET_APPROX
2026-08-15 09:15:27,Shenzhen,2026-08-15,31.2,33.5,31°C,0.0005,"{""33°C"": 0.0055, ""31°C"": 0.0005, ""32°C"": 0.995, ""36°C"": 0.0005, ""37°C or higher"": 0.0005, ""27°C or below"": 0.0005, ""35°C"": 0.0005, ""29°C"": 0.0005, ""28°C"": 0.0005, ""30°C"": 0.0005, ""34°C"": 0.0015}",843aacb8,-17.26,-2.3,2.3,,,32.01,True,0.81,-1.49,31°C,0.0005,34°C,0.0015,32°C,0.995,0.1,-0.8,,IMPLIED_TEMP_USED_OPEN_BUCKET_APPROX
2026-08-15 09:15:27,New York,2026-08-15,28.6,28.9,82-83°F,0.535,"{""75°F or below"": 0.0005, ""76-77°F"": 0.0045, ""78-79°F"": 0.016, ""80-81°F"": 0.135, ""82-83°F"": 0.535, ""84-85°F"": 0.305, ""86-87°F"": 0.025, ""88-89°F"": 0.0055, ""90-91°F"": 0.005, ""92-93°F"": 0.0005, ""94°F or higher"": 0.0005}",843aacb8,-5.26,-0.3,0.3,,,28.29,True,-0.31,-0.61,82-83°F,0.535,84-85°F,0.305,82-83°F,0.535,,,,IMPLIED_TEMP_USED_OPEN_BUCKET_APPROX
2026-08-15 09:15:27,Chicago,2026-08-15,26.5,24.6,80-81°F,0.28,"{""75°F or below"": 0.0195, ""76-77°F"": 0.0585, ""78-79°F"": 0.495, ""80-81°F"": 0.28, ""82-83°F"": 0.145, ""84-85°F"": 0.035, ""86-87°F"": 0.004, ""88-89°F"": 0.0005, ""90-91°F"": 0.0005, ""92-93°F"": 0.0005, ""94°F or higher"": 0.0005}",843aacb8,-4.26,1.9,1.9,,,26.48,True,-0.02,1.88,80-81°F,0.28,76-77°F,0.0585,78-79°F,0.495,,,,IMPLIED_TEMP_USED_OPEN_BUCKET_APPROX
2026-08-15 09:15:27,Miami,2026-08-15,32.9,32.5,90-91°F,0.09,"{""79°F or below"": 0.0005, ""80-81°F"": 0.0005, ""82-83°F"": 0.0005, ""84-85°F"": 0.0005, ""86-87°F"": 0.0055, ""88-89°F"": 0.0015, ""90-91°F"": 0.09, ""92-93°F"": 0.655, ""94-95°F"": 0.225, ""96-97°F"": 0.0085, ""98°F or higher"": 0.002}",843aacb8,-5.26,0.4,0.4,,,33.76,True,0.86,1.26,90-91°F,0.09,90-91°F,0.09,92-93°F,0.655,,,,IMPLIED_TEMP_USED_OPEN_BUCKET_APPROX
2026-08-15 09:15:27,London,2026-08-15,27.4,28.1,27°C,0.505,"{""20°C or below"": 0.0005, ""21°C"": 0.0005, ""22°C"": 0.0005, ""23°C"": 0.0005, ""24°C"": 0.016, ""25°C"": 0.055, ""26°C"": 0.33, ""27°C"": 0.505, ""28°C"": 0.11, ""29°C"": 0.014, ""30°C or higher"": 0.0075}",843aacb8,-10.26,-0.7,0.7,,,26.68,True,-0.72,-1.42,27°C,0.505,28°C,0.11,27°C,0.505,,,,IMPLIED_TEMP_USED_OPEN_BUCKET_APPROX
2026-08-15 09:15:27,Paris,2026-08-15,32.5,34.9,32°C,0.2235,"{""30°C or below"": 0.022, ""31°C"": 0.077, ""32°C"": 0.2235, ""33°C"": 0.42, ""34°C"": 0.225, ""35°C"": 0.05, ""36°C"": 0.0135, ""37°C"": 0.002, ""38°C"": 0.0005, ""39°C"": 0.0005, ""40°C or higher"": 0.0005}",843aacb8,-11.26,-2.4,2.4,,,32.93,True,0.43,-1.97,32°C,0.2235,35°C,0.05,33°C,0.42,,,,IMPLIED_TEMP_USED_OPEN_BUCKET_APPROX
2026-08-15 09:15:27,Ankara,2026-08-15,27.5,28.2,28°C,0.04,"{""32°C"": 0.0005, ""33°C or higher"": 0.0005, ""23°C or below"": 0.0005, ""24°C"": 0.0005, ""25°C"": 0.06, ""26°C"": 0.69, ""27°C"": 0.235, ""28°C"": 0.04, ""29°C"": 0.001, ""30°C"": 0.0005, ""31°C"": 0.0005}",843aacb8,-12.26,-0.7,0.7,,,26.26,True,-1.24,-1.94,28°C,0.04,28°C,0.04,26°C,0.69,,,,IMPLIED_TEMP_USED_OPEN_BUCKET_APPROX
2026-08-15 09:15:27,Buenos Aires,2026-08-15,14.5,13.2,14°C,0.03,"{""12°C or below"": 0.0005, ""13°C"": 0.0005, ""14°C"": 0.03, ""15°C"": 0.17, ""16°C"": 0.705, ""17°C"": 0.1, ""18°C"": 0.02, ""19°C"": 0.0045, ""20°C"": 0.0005, ""21°C"": 0.0005, ""22°C or higher"": 0.0005}",843aacb8,-6.26,1.3,1.3,,,15.93,True,1.43,2.73,14°C,0.03,13°C,0.0005,16°C,0.705,,,,IMPLIED_TEMP_USED_OPEN_BUCKET_APPROX
2026-08-15 10:11:24,Hong Kong,2026-08-15,30.7,31.5,31°C,0.997,"{""27°C or below"": 0.0005, ""28°C"": 0.0005, ""29°C"": 0.0005, ""30°C"": 0.0005, ""31°C"": 0.997, ""32°C"": 0.002, ""33°C"": 0.0015, ""34°C"": 0.0005, ""35°C"": 0.0005, ""36°C"": 0.0005, ""37°C or higher"": 0.0005}",af5de56a,-18.19,-0.8,0.8,,,31.01,True,0.31,-0.49,31°C,0.997,32°C,0.002,31°C,0.997,0.0,0.0,0.0,IMPLIED_TEMP_USED_OPEN_BUCKET_APPROX
2026-08-15 10:11:24,Tokyo,2026-08-15,28.5,30.5,28°C,0.0005,"{""24°C or below"": 0.0005, ""25°C"": 0.0005, ""26°C"": 0.0005, ""27°C"": 0.0005, ""28°C"": 0.0005, ""29°C"": 0.9995, ""30°C"": 0.0005, ""31°C"": 0.0005, ""32°C"": 0.0005, ""33°C"": 0.0005, ""34°C or higher"": 0.0005}",af5de56a,-19.19,-2.0,2.0,,,29.0,True,0.5,-1.5,28°C,0.0005,30°C,0.0005,29°C,0.9995,0.0,0.0,0.0,IMPLIED_TEMP_USED_OPEN_BUCKET_APPROX
2026-08-15 10:11:24,Shanghai,2026-08-15,30.7,30.9,31°C,0.997,"{""25°C or below"": 0.0005, ""26°C"": 0.0005, ""27°C"": 0.0005, ""28°C"": 0.0005, ""29°C"": 0.0005, ""30°C"": 0.0005, ""31°C"": 0.997, ""32°C"": 0.003, ""33°C"": 0.0005, ""34°C"": 0.0005, ""35°C or higher"": 0.0005}",af5de56a,-18.19,-0.2,0.2,,,31.0,True,0.3,0.1,31°C,0.997,31°C,0.997,31°C,0.997,0.0,0.0,0.0,IMPLIED_TEMP_USED_OPEN_BUCKET_APPROX
2026-08-15 10:11:24,Qingdao,2026-08-15,31.1,30.3,31°C,0.9965,"{""33°C"": 0.0005, ""34°C"": 0.0005, ""35°C or higher"": 0.0005, ""32°C"": 0.0035, ""25°C or below"": 0.0005, ""26°C"": 0.0005, ""27°C"": 0.0005, ""28°C"": 0.0005, ""29°C"": 0.0005, ""30°C"": 0.0005, ""31°C"": 0.9965}",af5de56a,-18.19,0.8,0.8,,,31.0,True,-0.1,0.7,31°C,0.9965,30°C,0.0005,31°C,0.9965,0.0,0.0,0.0,IMPLIED_TEMP_USED_OPEN_BUCKET_APPROX
2026-08-15 10:11:24,Seoul,2026-08-15,28.2,25.2,28°C,0.9995,"{""34°C or higher"": 0.0005, ""24°C or below"": 0.0005, ""25°C"": 0.0005, ""26°C"": 0.0005, ""27°C"": 0.0005, ""28°C"": 0.9995, ""29°C"": 0.0005, ""30°C"": 0.0005, ""31°C"": 0.0005, ""32°C"": 0.0005, ""33°C"": 0.0005}",af5de56a,-19.19,3.0,3.0,,,28.01,True,-0.19,2.81,28°C,0.9995,25°C,0.0005,28°C,0.9995,0.0,0.0,0.0,IMPLIED_TEMP_USED_OPEN_BUCKET_APPROX
2026-08-15 10:11:24,Guangzhou,2026-08-15,32.8,35.3,33°C,0.0005,"{""29°C or below"": 0.0005, ""30°C"": 0.0005, ""31°C"": 0.0005, ""32°C"": 0.0005, ""33°C"": 0.0005, ""34°C"": 0.0005, ""35°C"": 0.997, ""36°C"": 0.0015, ""37°C"": 0.0005, ""38°C"": 0.0005, ""39°C or higher"": 0.0005}",af5de56a,-18.19,-2.5,2.5,,,35.0,True,2.2,-0.3,33°C,0.0005,35°C,0.997,35°C,0.997,0.0,0.0,0.0,IMPLIED_TEMP_USED_OPEN_BUCKET_APPROX
2026-08-15 10:11:24,Shenzhen,2026-08-15,31.2,33.5,31°C,0.0005,"{""33°C"": 0.003, ""31°C"": 0.0005, ""32°C"": 0.997, ""36°C"": 0.0005, ""37°C or higher"": 0.0005, ""27°C or below"": 0.0005, ""35°C"": 0.0005, ""29°C"": 0.0005, ""28°C"": 0.0005, ""30°C"": 0.0005, ""34°C"": 0.0015}",af5de56a,-18.19,-2.3,2.3,,,32.0,True,0.8,-1.5,31°C,0.0005,34°C,0.0015,32°C,0.997,0.0,0.0,-0.01,IMPLIED_TEMP_USED_OPEN_BUCKET_APPROX
2026-08-15 10:11:24,New York,2026-08-15,28.6,29.3,82-83°F,0.53,"{""75°F or below"": 0.0005, ""76-77°F"": 0.004, ""78-79°F"": 0.016, ""80-81°F"": 0.14, ""82-83°F"": 0.53, ""84-85°F"": 0.315, ""86-87°F"": 0.025, ""88-89°F"": 0.0055, ""90-91°F"": 0.0015, ""92-93°F"": 0.0005, ""94°F or higher"": 0.0005}",af5de56a,-6.19,-0.7,0.7,,,28.28,True,-0.32,-1.02,82-83°F,0.53,84-85°F,0.315,82-83°F,0.53,0.0,0.4,-0.01,IMPLIED_TEMP_USED_OPEN_BUCKET_APPROX
2026-08-15 10:11:24,Chicago,2026-08-15,26.5,26.3,80-81°F,0.28,"{""75°F or below"": 0.0155, ""76-77°F"": 0.053, ""78-79°F"": 0.51, ""80-81°F"": 0.28, ""82-83°F"": 0.145, ""84-85°F"": 0.035, ""86-87°F"": 0.004, ""88-89°F"": 0.0005, ""90-91°F"": 0.0005, ""92-93°F"": 0.0005, ""94°F or higher"": 0.0005}",af5de56a,-5.19,0.2,0.2,,,26.49,True,-0.01,0.19,80-81°F,0.28,78-79°F,0.51,78-79°F,0.51,0.0,1.7,0.01,IMPLIED_TEMP_USED_OPEN_BUCKET_APPROX
2026-08-15 10:11:24,Miami,2026-08-15,32.9,30.7,90-91°F,0.085,"{""79°F or below"": 0.0005, ""80-81°F"": 0.0005, ""82-83°F"": 0.0005, ""84-85°F"": 0.0005, ""86-87°F"": 0.0055, ""88-89°F"": 0.0015, ""90-91°F"": 0.085, ""92-93°F"": 0.65, ""94-95°F"": 0.22, ""96-97°F"": 0.0085, ""98°F or higher"": 0.002}",af5de56a,-6.19,2.2,2.2,,,33.76,True,0.86,3.06,90-91°F,0.085,86-87°F,0.0055,92-93°F,0.65,0.0,-1.8,0.0,IMPLIED_TEMP_USED_OPEN_BUCKET_APPROX
2026-08-15 10:11:24,London,2026-08-15,27.4,28.1,27°C,0.495,"{""20°C or below"": 0.0005, ""21°C"": 0.0005, ""22°C"": 0.0005, ""23°C"": 0.0005, ""24°C"": 0.003, ""25°C"": 0.055, ""26°C"": 0.315, ""27°C"": 0.495, ""28°C"": 0.15, ""29°C"": 0.0245, ""30°C or higher"": 0.005}",af5de56a,-11.19,-0.7,0.7,,,26.78,True,-0.62,-1.32,27°C,0.495,28°C,0.15,27°C,0.495,0.0,0.0,0.1,IMPLIED_TEMP_USED_OPEN_BUCKET_APPROX
2026-08-15 10:11:24,Paris,2026-08-15,32.5,34.9,32°C,0.3265,"{""30°C or below"": 0.045, ""31°C"": 0.176, ""32°C"": 0.3265, ""33°C"": 0.145, ""34°C"": 0.185, ""35°C"": 0.03, ""36°C"": 0.0125, ""37°C"": 0.002, ""38°C"": 0.0005, ""39°C"": 0.0005, ""40°C or higher"": 0.0005}",af5de56a,-12.19,-2.4,2.4,,,32.42,True,-0.08,-2.48,32°C,0.3265,35°C,0.03,32°C,0.3265,0.0,0.0,-0.51,IMPLIED_TEMP_USED_OPEN_BUCKET_APPROX
2026-08-15 10:11:24,Ankara,2026-08-15,27.5,28.2,28°C,0.04,"{""32°C"": 0.0005, ""33°C or higher"": 0.0005, ""23°C or below"": 0.0005, ""24°C"": 0.005, ""25°C"": 0.07, ""26°C"": 0.68, ""27°C"": 0.21, ""28°C"": 0.04, ""29°C"": 0.001, ""30°C"": 0.0005, ""31°C"": 0.0005}",af5de56a,-13.19,-0.7,0.7,,,26.22,True,-1.28,-1.98,28°C,0.04,28°C,0.04,26°C,0.68,0.0,0.0,-0.04,IMPLIED_TEMP_USED_OPEN_BUCKET_APPROX
2026-08-15 10:11:24,Buenos Aires,2026-08-15,14.5,13.2,14°C,0.03,"{""12°C or below"": 0.0005, ""13°C"": 0.0005, ""14°C"": 0.03, ""15°C"": 0.17, ""16°C"": 0.71, ""17°C"": 0.1, ""18°C"": 0.015, ""19°C"": 0.0045, ""20°C"": 0.0005, ""21°C"": 0.0005, ""22°C or higher"": 0.0005}",af5de56a,-7.19,1.3,1.3,,,15.92,True,1.42,2.72,14°C,0.03,13°C,0.0005,16°C,0.71,0.0,0.0,-0.01,IMPLIED_TEMP_USED_OPEN_BUCKET_APPROX
2026-08-15 11:09:20,Hong Kong,2026-08-15,30.7,31.5,31°C,0.9985,"{""27°C or below"": 0.0005, ""28°C"": 0.0005, ""29°C"": 0.0005, ""30°C"": 0.0005, ""31°C"": 0.9985, ""32°C"": 0.0015, ""33°C"": 0.0015, ""34°C"": 0.0005, ""35°C"": 0.0005, ""36°C"": 0.0005, ""37°C or higher"": 0.0005}",a0358452,-19.16,-0.8,0.8,,,31.01,True,0.31,-0.49,31°C,0.9985,32°C,0.0015,31°C,0.9985,0.0,0.0,0.0,IMPLIED_TEMP_USED_OPEN_BUCKET_APPROX
2026-08-15 11:09:20,Tokyo,2026-08-15,28.5,30.5,28°C,0.0005,"{""24°C or below"": 0.0005, ""25°C"": 0.0005, ""26°C"": 0.0005, ""27°C"": 0.0005, ""28°C"": 0.0005, ""29°C"": 0.9995, ""30°C"": 0.0005, ""31°C"": 0.0005, ""32°C"": 0.0005, ""33°C"": 0.0005, ""34°C or higher"": 0.0005}",a0358452,-20.16,-2.0,2.0,,,29.0,True,0.5,-1.5,28°C,0.0005,30°C,0.0005,29°C,0.9995,0.0,0.0,0.0,IMPLIED_TEMP_USED_OPEN_BUCKET_APPROX
2026-08-15 11:09:20,Shanghai,2026-08-15,30.7,30.9,31°C,0.9995,"{""25°C or below"": 0.0005, ""26°C"": 0.0005, ""27°C"": 0.0005, ""28°C"": 0.0005, ""29°C"": 0.0005, ""30°C"": 0.0005, ""31°C"": 0.9995, ""32°C"": 0.0005, ""33°C"": 0.0005, ""34°C"": 0.0005, ""35°C or higher"": 0.0005}",a0358452,-19.16,-0.2,0.2,,,30.99,True,0.29,0.09,31°C,0.9995,31°C,0.9995,31°C,0.9995,0.0,0.0,-0.01,IMPLIED_TEMP_USED_OPEN_BUCKET_APPROX
2026-08-15 11:09:20,Qingdao,2026-08-15,31.1,30.3,31°C,0.9995,"{""33°C"": 0.0005, ""34°C"": 0.0005, ""35°C or higher"": 0.0005, ""32°C"": 0.0005, ""25°C or below"": 0.0005, ""26°C"": 0.0005, ""27°C"": 0.0005, ""28°C"": 0.0005, ""29°C"": 0.0005, ""30°C"": 0.0005, ""31°C"": 0.9995}",a0358452,-19.16,0.8,0.8,,,30.99,True,-0.11,0.69,31°C,0.9995,30°C,0.0005,31°C,0.9995,0.0,0.0,-0.01,IMPLIED_TEMP_USED_OPEN_BUCKET_APPROX
2026-08-15 11:09:20,Seoul,2026-08-15,28.2,25.2,28°C,0.9995,"{""34°C or higher"": 0.0005, ""24°C or below"": 0.0005, ""25°C"": 0.0005, ""26°C"": 0.0005, ""27°C"": 0.0005, ""28°C"": 0.9995, ""29°C"": 0.0005, ""30°C"": 0.0005, ""31°C"": 0.0005, ""32°C"": 0.0005, ""33°C"": 0.0005}",a0358452,-20.16,3.0,3.0,,,28.01,True,-0.19,2.81,28°C,0.9995,25°C,0.0005,28°C,0.9995,0.0,0.0,0.0,IMPLIED_TEMP_USED_OPEN_BUCKET_APPROX
2026-08-15 11:09:20,Guangzhou,2026-08-15,32.8,35.3,33°C,0.0005,"{""29°C or below"": 0.0005, ""30°C"": 0.0005, ""31°C"": 0.0005, ""32°C"": 0.0005, ""33°C"": 0.0005, ""34°C"": 0.0005, ""35°C"": 0.9995, ""36°C"": 0.0005, ""37°C"": 0.0005, ""38°C"": 0.0005, ""39°C or higher"": 0.0005}",a0358452,-19.16,-2.5,2.5,,,34.99,True,2.19,-0.31,33°C,0.0005,35°C,0.9995,35°C,0.9995,0.0,0.0,-0.01,IMPLIED_TEMP_USED_OPEN_BUCKET_APPROX
2026-08-15 11:09:20,Shenzhen,2026-08-15,31.2,33.5,31°C,0.0005,"{""33°C"": 0.002, ""31°C"": 0.0005, ""32°C"": 0.9975, ""36°C"": 0.0005, ""37°C or higher"": 0.0005, ""27°C or below"": 0.0005, ""35°C"": 0.0005, ""29°C"": 0.0005, ""28°C"": 0.0005, ""30°C"": 0.0005, ""34°C"": 0.002}",a0358452,-19.16,-2.3,2.3,,,32.0,True,0.8,-1.5,31°C,0.0005,34°C,0.002,32°C,0.9975,0.0,0.0,0.0,IMPLIED_TEMP_USED_OPEN_BUCKET_APPROX
2026-08-15 11:09:20,New York,2026-08-15,28.6,29.1,82-83°F,0.545,"{""75°F or below"": 0.0005, ""76-77°F"": 0.004, ""78-79°F"": 0.016, ""80-81°F"": 0.145, ""82-83°F"": 0.545, ""84-85°F"": 0.295, ""86-87°F"": 0.025, ""88-89°F"": 0.0045, ""90-91°F"": 0.0015, ""92-93°F"": 0.0005, ""94°F or higher"": 0.0005}",a0358452,-7.16,-0.5,0.5,,,28.25,True,-0.35,-0.85,82-83°F,0.545,84-85°F,0.295,82-83°F,0.545,0.0,-0.2,-0.03,IMPLIED_TEMP_USED_OPEN_BUCKET_APPROX
2026-08-15 11:09:20,Chicago,2026-08-15,26.5,25.2,80-81°F,0.375,"{""75°F or below"": 0.015, ""76-77°F"": 0.049, ""78-79°F"": 0.37, ""80-81°F"": 0.375, ""82-83°F"": 0.135, ""84-85°F"": 0.035, ""86-87°F"": 0.004, ""88-89°F"": 0.0005, ""90-91°F"": 0.0005, ""92-93°F"": 0.0005, ""94°F or higher"": 0.0005}",a0358452,-6.16,1.3,1.3,,,26.62,True,0.12,1.42,80-81°F,0.375,76-77°F,0.049,80-81°F,0.375,0.0,-1.1,0.13,IMPLIED_TEMP_USED_OPEN_BUCKET_APPROX
2026-08-15 11:09:20,Miami,2026-08-15,32.9,32.7,90-91°F,0.12,"{""79°F or below"": 0.0005, ""80-81°F"": 0.0005, ""82-83°F"": 0.0005, ""84-85°F"": 0.0005, ""86-87°F"": 0.0055, ""88-89°F"": 0.0015, ""90-91°F"": 0.12, ""92-93°F"": 0.64, ""94-95°F"": 0.26, ""96-97°F"": 0.0085, ""98°F or higher"": 0.002}",a0358452,-7.16,0.2,0.2,,,33.75,True,0.85,1.05,90-91°F,0.12,90-91°F,0.12,92-93°F,0.64,0.0,2.0,-0.01,IMPLIED_TEMP_USED_OPEN_BUCKET_APPROX
2026-08-15 11:09:20,London,2026-08-15,27.4,28.1,27°C,0.625,"{""20°C or below"": 0.0005, ""21°C"": 0.0005, ""22°C"": 0.0005, ""23°C"": 0.0005, ""24°C"": 0.0055, ""25°C"": 0.075, ""26°C"": 0.265, ""27°C"": 0.625, ""28°C"": 0.055, ""29°C"": 0.012, ""30°C or higher"": 0.004}",a0358452,-12.16,-0.7,0.7,,,26.66,True,-0.74,-1.44,27°C,0.625,28°C,0.055,27°C,0.625,0.0,0.0,-0.12,IMPLIED_TEMP_USED_OPEN_BUCKET_APPROX
2026-08-15 11:09:20,Paris,2026-08-15,32.5,34.9,32°C,0.392,"{""30°C or below"": 0.044, ""31°C"": 0.2405, ""32°C"": 0.392, ""33°C"": 0.265, ""34°C"": 0.045, ""35°C"": 0.02, ""36°C"": 0.0085, ""37°C"": 0.002, ""38°C"": 0.0005, ""39°C"": 0.0005, ""40°C or higher"": 0.0005}",a0358452,-13.16,-2.4,2.4,,,32.12,True,-0.38,-2.78,32°C,0.392,35°C,0.02,32°C,0.392,0.0,0.0,-0.3,IMPLIED_TEMP_USED_OPEN_BUCKET_APPROX
2026-08-15 11:09:20,Ankara,2026-08-15,27.5,28.2,28°C,0.015,"{""32°C"": 0.0005, ""33°C or higher"": 0.0005, ""23°C or below"": 0.0005, ""24°C"": 0.005, ""25°C"": 0.095, ""26°C"": 0.795, ""27°C"": 0.105, ""28°C"": 0.015, ""29°C"": 0.0005, ""30°C"": 0.0005, ""31°C"": 0.0005}",a0358452,-14.16,-0.7,0.7,,,26.04,True,-1.46,-2.16,28°C,0.015,28°C,0.015,26°C,0.795,0.0,0.0,-0.18,IMPLIED_TEMP_USED_OPEN_BUCKET_APPROX
2026-08-15 11:09:20,Buenos Aires,2026-08-15,14.5,13.2,14°C,0.03,"{""12°C or below"": 0.0005, ""13°C"": 0.0005, ""14°C"": 0.03, ""15°C"": 0.155, ""16°C"": 0.71, ""17°C"": 0.115, ""18°C"": 0.015, ""19°C"": 0.006, ""20°C"": 0.0005, ""21°C"": 0.0005, ""22°C or higher"": 0.0005}",a0358452,-8.16,1.3,1.3,,,15.95,True,1.45,2.75,14°C,0.03,13°C,0.0005,16°C,0.71,0.0,0.0,0.03,IMPLIED_TEMP_USED_OPEN_BUCKET_APPROX
2026-08-15 12:15:43,Hong Kong,2026-08-15,30.7,31.5,31°C,0.9985,"{""27°C or below"": 0.0005, ""28°C"": 0.0005, ""29°C"": 0.0005, ""30°C"": 0.0005, ""31°C"": 0.9985, ""32°C"": 0.0015, ""33°C"": 0.0015, ""34°C"": 0.0005, ""35°C"": 0.0005, ""36°C"": 0.0005, ""37°C or higher"": 0.0005}",12164641,-20.26,-0.8,0.8,,,31.01,True,0.31,-0.49,31°C,0.9985,32°C,0.0015,31°C,0.9985,0.0,0.0,0.0,IMPLIED_TEMP_USED_OPEN_BUCKET_APPROX
2026-08-15 12:15:43,Tokyo,2026-08-15,28.5,30.5,28°C,0.0005,"{""24°C or below"": 0.0005, ""25°C"": 0.0005, ""26°C"": 0.0005, ""27°C"": 0.0005, ""28°C"": 0.0005, ""29°C"": 0.9995, ""30°C"": 0.0005, ""31°C"": 0.0005, ""32°C"": 0.0005, ""33°C"": 0.0005, ""34°C or higher"": 0.0005}",12164641,-21.26,-2.0,2.0,,,29.0,True,0.5,-1.5,28°C,0.0005,30°C,0.0005,29°C,0.9995,0.0,0.0,0.0,IMPLIED_TEMP_USED_OPEN_BUCKET_APPROX
2026-08-15 12:15:43,Shanghai,2026-08-15,30.7,30.9,31°C,0.9995,"{""25°C or below"": 0.0005, ""26°C"": 0.0005, ""27°C"": 0.0005, ""28°C"": 0.0005, ""29°C"": 0.0005, ""30°C"": 0.0005, ""31°C"": 0.9995, ""32°C"": 0.0005, ""33°C"": 0.0005, ""34°C"": 0.0005, ""35°C or higher"": 0.0005}",12164641,-20.26,-0.2,0.2,,,30.99,True,0.29,0.09,31°C,0.9995,31°C,0.9995,31°C,0.9995,0.0,0.0,0.0,IMPLIED_TEMP_USED_OPEN_BUCKET_APPROX
2026-08-15 12:15:43,Qingdao,2026-08-15,31.1,30.1,31°C,0.9995,"{""33°C"": 0.0005, ""34°C"": 0.0005, ""35°C or higher"": 0.0005, ""32°C"": 0.0005, ""25°C or below"": 0.0005, ""26°C"": 0.0005, ""27°C"": 0.0005, ""28°C"": 0.0005, ""29°C"": 0.0005, ""30°C"": 0.0005, ""31°C"": 0.9995}",12164641,-20.26,1.0,1.0,,,30.99,True,-0.11,0.89,31°C,0.9995,30°C,0.0005,31°C,0.9995,0.0,-0.2,0.0,IMPLIED_TEMP_USED_OPEN_BUCKET_APPROX
2026-08-15 12:15:43,Seoul,2026-08-15,28.2,25.2,28°C,0.9995,"{""34°C or higher"": 0.0005, ""24°C or below"": 0.0005, ""25°C"": 0.0005, ""26°C"": 0.0005, ""27°C"": 0.0005, ""28°C"": 0.9995, ""29°C"": 0.0005, ""30°C"": 0.0005, ""31°C"": 0.0005, ""32°C"": 0.0005, ""33°C"": 0.0005}",12164641,-21.26,3.0,3.0,,,28.01,True,-0.19,2.81,28°C,0.9995,25°C,0.0005,28°C,0.9995,0.0,0.0,0.0,IMPLIED_TEMP_USED_OPEN_BUCKET_APPROX
2026-08-15 12:15:43,Guangzhou,2026-08-15,32.8,35.3,33°C,0.0005,"{""29°C or below"": 0.0005, ""30°C"": 0.0005, ""31°C"": 0.0005, ""32°C"": 0.0005, ""33°C"": 0.0005, ""34°C"": 0.0005, ""35°C"": 0.9995, ""36°C"": 0.0005, ""37°C"": 0.0005, ""38°C"": 0.0005, ""39°C or higher"": 0.0005}",12164641,-20.26,-2.5,2.5,,,34.99,True,2.19,-0.31,33°C,0.0005,35°C,0.9995,35°C,0.9995,0.0,0.0,0.0,IMPLIED_TEMP_USED_OPEN_BUCKET_APPROX
2026-08-15 12:15:43,Shenzhen,2026-08-15,31.2,33.7,31°C,0.0005,"{""33°C"": 0.0025, ""31°C"": 0.0005, ""32°C"": 0.997, ""36°C"": 0.0005, ""37°C or higher"": 0.0005, ""27°C or below"": 0.0005, ""35°C"": 0.0005, ""29°C"": 0.0005, ""28°C"": 0.0005, ""30°C"": 0.0005, ""34°C"": 0.0005}",12164641,-20.26,-2.5,2.5,,,32.0,True,0.8,-1.7,31°C,0.0005,34°C,0.0005,32°C,0.997,0.0,0.2,0.0,IMPLIED_TEMP_USED_OPEN_BUCKET_APPROX
2026-08-15 12:15:43,New York,2026-08-15,28.6,29.8,82-83°F,0.525,"{""75°F or below"": 0.0005, ""76-77°F"": 0.0005, ""78-79°F"": 0.015, ""80-81°F"": 0.105, ""82-83°F"": 0.525, ""84-85°F"": 0.335, ""86-87°F"": 0.02, ""88-89°F"": 0.003, ""90-91°F"": 0.0015, ""92-93°F"": 0.0005, ""94°F or higher"": 0.0005}",12164641,-8.26,-1.2,1.2,,,28.34,True,-0.26,-1.46,82-83°F,0.525,86-87°F,0.02,82-83°F,0.525,0.0,0.7,0.09,IMPLIED_TEMP_USED_OPEN_BUCKET_APPROX
2026-08-15 12:15:43,Chicago,2026-08-15,26.5,26.2,80-81°F,0.375,"{""75°F or below"": 0.015, ""76-77°F"": 0.049, ""78-79°F"": 0.37, ""80-81°F"": 0.375, ""82-83°F"": 0.135, ""84-85°F"": 0.035, ""86-87°F"": 0.004, ""88-89°F"": 0.0005, ""90-91°F"": 0.0005, ""92-93°F"": 0.0005, ""94°F or higher"": 0.0005}",12164641,-7.26,0.3,0.3,,,26.62,True,0.12,0.42,80-81°F,0.375,78-79°F,0.37,80-81°F,0.375,0.0,1.0,0.0,IMPLIED_TEMP_USED_OPEN_BUCKET_APPROX
2026-08-15 12:15:43,Miami,2026-08-15,32.9,32.9,90-91°F,0.13,"{""79°F or below"": 0.0005, ""80-81°F"": 0.0005, ""82-83°F"": 0.0005, ""84-85°F"": 0.0005, ""86-87°F"": 0.0045, ""88-89°F"": 0.0015, ""90-91°F"": 0.13, ""92-93°F"": 0.62, ""94-95°F"": 0.23, ""96-97°F"": 0.0085, ""98°F or higher"": 0.002}",12164641,-8.26,0.0,0.0,,,33.72,True,0.82,0.82,90-91°F,0.13,90-91°F,0.13,92-93°F,0.62,0.0,0.2,-0.03,IMPLIED_TEMP_USED_OPEN_BUCKET_APPROX
2026-08-15 12:15:43,London,2026-08-15,27.4,28.0,27°C,0.585,"{""20°C or below"": 0.0005, ""21°C"": 0.0005, ""22°C"": 0.0005, ""23°C"": 0.0005, ""24°C"": 0.0005, ""25°C"": 0.045, ""26°C"": 0.345, ""27°C"": 0.585, ""28°C"": 0.055, ""29°C"": 0.0115, ""30°C or higher"": 0.003}",12164641,-13.26,-0.6,0.6,,,26.66,True,-0.74,-1.34,27°C,0.585,28°C,0.055,27°C,0.585,0.0,-0.1,0.0,IMPLIED_TEMP_USED_OPEN_BUCKET_APPROX
2026-08-15 12:15:43,Paris,2026-08-15,32.5,34.6,32°C,0.2215,"{""30°C or below"": 0.3505, ""31°C"": 0.272, ""32°C"": 0.2215, ""33°C"": 0.09, ""34°C"": 0.015, ""35°C"": 0.01, ""36°C"": 0.0055, ""37°C"": 0.002, ""38°C"": 0.001, ""39°C"": 0.0005, ""40°C or higher"": 0.0005}",12164641,-14.26,-2.1,2.1,,,31.02,True,-1.48,-3.58,32°C,0.2215,35°C,0.01,30°C or below,0.3505,0.0,-0.3,-1.1,IMPLIED_TEMP_USED_OPEN_BUCKET_APPROX
2026-08-15 12:15:43,Ankara,2026-08-15,27.5,28.0,28°C,0.012,"{""32°C"": 0.0005, ""33°C or higher"": 0.0005, ""23°C or below"": 0.0005, ""24°C"": 0.0005, ""25°C"": 0.12, ""26°C"": 0.79, ""27°C"": 0.085, ""28°C"": 0.012, ""29°C"": 0.0005, ""30°C"": 0.0005, ""31°C"": 0.0005}",12164641,-15.26,-0.5,0.5,,,26.0,True,-1.5,-2.0,28°C,0.012,28°C,0.012,26°C,0.79,0.0,-0.2,-0.04,IMPLIED_TEMP_USED_OPEN_BUCKET_APPROX
2026-08-15 12:15:43,Buenos Aires,2026-08-15,14.5,13.3,14°C,0.04,"{""12°C or below"": 0.0005, ""13°C"": 0.0005, ""14°C"": 0.04, ""15°C"": 0.15, ""16°C"": 0.715, ""17°C"": 0.125, ""18°C"": 0.015, ""19°C"": 0.0035, ""20°C"": 0.0005, ""21°C"": 0.0005, ""22°C or higher"": 0.0005}",12164641,-9.26,1.2,1.2,,,15.94,True,1.44,2.64,14°C,0.04,13°C,0.0005,16°C,0.715,0.0,0.1,-0.01,IMPLIED_TEMP_USED_OPEN_BUCKET_APPROX
2026-08-15 13:22:07,Hong Kong,2026-08-15,31.9,31.5,32°C,0.001,"{""27°C or below"": 0.0005, ""28°C"": 0.0005, ""29°C"": 0.0005, ""30°C"": 0.0005, ""31°C"": 0.9985, ""32°C"": 0.001, ""33°C"": 0.0005, ""34°C"": 0.0005, ""35°C"": 0.0005, ""36°C"": 0.0005, ""37°C or higher"": 0.0005}",4ea5ab94,-21.37,0.4,0.4,,,31.01,True,-0.89,-0.49,32°C,0.001,32°C,0.001,31°C,0.9985,1.2,0.0,0.0,IMPLIED_TEMP_USED_OPEN_BUCKET_APPROX
2026-08-15 13:22:07,Tokyo,2026-08-15,28.4,30.5,28°C,0.0005,"{""24°C or below"": 0.0005, ""25°C"": 0.0005, ""26°C"": 0.0005, ""27°C"": 0.0005, ""28°C"": 0.0005, ""29°C"": 0.9995, ""30°C"": 0.0005, ""31°C"": 0.0005, ""32°C"": 0.0005, ""33°C"": 0.0005, ""34°C or higher"": 0.0005}",4ea5ab94,-22.37,-2.1,2.1,,,29.0,True,0.6,-1.5,28°C,0.0005,30°C,0.0005,29°C,0.9995,-0.1,0.0,0.0,IMPLIED_TEMP_USED_OPEN_BUCKET_APPROX
2026-08-15 13:22:07,Shanghai,2026-08-15,30.7,30.9,31°C,0.9995,"{""25°C or below"": 0.0005, ""26°C"": 0.0005, ""27°C"": 0.0005, ""28°C"": 0.0005, ""29°C"": 0.0005, ""30°C"": 0.0005, ""31°C"": 0.9995, ""32°C"": 0.0005, ""33°C"": 0.0005, ""34°C"": 0.0005, ""35°C or higher"": 0.0005}",4ea5ab94,-21.37,-0.2,0.2,,,30.99,True,0.29,0.09,31°C,0.9995,31°C,0.9995,31°C,0.9995,0.0,0.0,0.0,IMPLIED_TEMP_USED_OPEN_BUCKET_APPROX
2026-08-15 13:22:07,Qingdao,2026-08-15,30.9,30.1,31°C,0.9995,"{""33°C"": 0.0005, ""34°C"": 0.0005, ""35°C or higher"": 0.0005, ""32°C"": 0.0005, ""25°C or below"": 0.0005, ""26°C"": 0.0005, ""27°C"": 0.0005, ""28°C"": 0.0005, ""29°C"": 0.0005, ""30°C"": 0.0005, ""31°C"": 0.9995}",4ea5ab94,-21.37,0.8,0.8,,,30.99,True,0.09,0.89,31°C,0.9995,30°C,0.0005,31°C,0.9995,-0.2,0.0,0.0,IMPLIED_TEMP_USED_OPEN_BUCKET_APPROX
2026-08-15 13:22:07,Seoul,2026-08-15,27.3,25.2,27°C,0.0005,"{""34°C or higher"": 0.0005, ""24°C or below"": 0.0005, ""25°C"": 0.0005, ""26°C"": 0.0005, ""27°C"": 0.0005, ""28°C"": 0.9995, ""29°C"": 0.0005, ""30°C"": 0.0005, ""31°C"": 0.0005, ""32°C"": 0.0005, ""33°C"": 0.0005}",4ea5ab94,-22.37,2.1,2.1,,,28.01,True,0.71,2.81,27°C,0.0005,25°C,0.0005,28°C,0.9995,-0.9,0.0,0.0,IMPLIED_TEMP_USED_OPEN_BUCKET_APPROX
2026-08-15 13:22:07,Guangzhou,2026-08-15,32.9,35.3,33°C,0.0005,"{""29°C or below"": 0.0005, ""30°C"": 0.0005, ""31°C"": 0.0005, ""32°C"": 0.0005, ""33°C"": 0.0005, ""34°C"": 0.0005, ""35°C"": 0.9995, ""36°C"": 0.0005, ""37°C"": 0.0005, ""38°C"": 0.0005, ""39°C or higher"": 0.0005}",4ea5ab94,-21.37,-2.4,2.4,,,34.99,True,2.09,-0.31,33°C,0.0005,35°C,0.9995,35°C,0.9995,0.1,0.0,0.0,IMPLIED_TEMP_USED_OPEN_BUCKET_APPROX
2026-08-15 13:22:07,Shenzhen,2026-08-15,31.8,33.7,32°C,0.999,"{""33°C"": 0.0015, ""31°C"": 0.0005, ""32°C"": 0.999, ""36°C"": 0.0005, ""37°C or higher"": 0.0005, ""27°C or below"": 0.0005, ""35°C"": 0.0005, ""29°C"": 0.0005, ""28°C"": 0.0005, ""30°C"": 0.0005, ""34°C"": 0.0025}",4ea5ab94,-21.37,-1.9,1.9,,,32.0,True,0.2,-1.7,32°C,0.999,34°C,0.0025,32°C,0.999,0.6,0.0,0.0,IMPLIED_TEMP_USED_OPEN_BUCKET_APPROX
2026-08-15 13:22:07,New York,2026-08-15,28.8,29.4,84-85°F,0.27,"{""75°F or below"": 0.0005, ""76-77°F"": 0.0005, ""78-79°F"": 0.016, ""80-81°F"": 0.145, ""82-83°F"": 0.545, ""84-85°F"": 0.27, ""86-87°F"": 0.02, ""88-89°F"": 0.003, ""90-91°F"": 0.0015, ""92-93°F"": 0.0005, ""94°F or higher"": 0.0005}",4ea5ab94,-9.37,-0.6,0.6,,,28.22,True,-0.58,-1.18,84-85°F,0.27,84-85°F,0.27,82-83°F,0.545,0.2,-0.4,-0.12,IMPLIED_TEMP_USED_OPEN_BUCKET_APPROX
2026-08-15 13:22:07,Chicago,2026-08-15,25.6,25.3,78-79°F,0.365,"{""75°F or below"": 0.0145, ""76-77°F"": 0.0495, ""78-79°F"": 0.365, ""80-81°F"": 0.47, ""82-83°F"": 0.11, ""84-85°F"": 0.025, ""86-87°F"": 0.004, ""88-89°F"": 0.0005, ""90-91°F"": 0.0005, ""92-93°F"": 0.0005, ""94°F or higher"": 0.0005}",4ea5ab94,-8.37,0.3,0.3,,,26.6,True,1.0,1.3,78-79°F,0.365,78-79°F,0.365,80-81°F,0.47,-0.9,-0.9,-0.02,IMPLIED_TEMP_USED_OPEN_BUCKET_APPROX
2026-08-15 13:22:07,Miami,2026-08-15,32.8,32.8,90-91°F,0.08,"{""79°F or below"": 0.0005, ""80-81°F"": 0.0005, ""82-83°F"": 0.0005, ""84-85°F"": 0.0005, ""86-87°F"": 0.0045, ""88-89°F"": 0.0015, ""90-91°F"": 0.08, ""92-93°F"": 0.67, ""94-95°F"": 0.245, ""96-97°F"": 0.0085, ""98°F or higher"": 0.002}",4ea5ab94,-9.37,0.0,0.0,,,33.79,True,0.99,0.99,90-91°F,0.08,90-91°F,0.08,92-93°F,0.67,-0.1,-0.1,0.07,IMPLIED_TEMP_USED_OPEN_BUCKET_APPROX
2026-08-15 13:22:07,London,2026-08-15,27.1,28.0,27°C,0.475,"{""20°C or below"": 0.0005, ""21°C"": 0.0005, ""22°C"": 0.0005, ""23°C"": 0.0005, ""24°C"": 0.0005, ""25°C"": 0.04, ""26°C"": 0.43, ""27°C"": 0.475, ""28°C"": 0.025, ""29°C"": 0.0055, ""30°C or higher"": 0.001}",4ea5ab94,-14.37,-0.9,0.9,,,26.51,True,-0.59,-1.49,27°C,0.475,28°C,0.025,27°C,0.475,-0.3,0.0,-0.15,IMPLIED_TEMP_USED_OPEN_BUCKET_APPROX
2026-08-15 13:22:07,Paris,2026-08-15,32.4,34.6,32°C,0.22,"{""30°C or below"": 0.2635, ""31°C"": 0.4955, ""32°C"": 0.22, ""33°C"": 0.07, ""34°C"": 0.015, ""35°C"": 0.0055, ""36°C"": 0.0025, ""37°C"": 0.002, ""38°C"": 0.001, ""39°C"": 0.0005, ""40°C or higher"": 0.0005}",4ea5ab94,-15.37,-2.2,2.2,,,31.07,True,-1.33,-3.53,32°C,0.22,35°C,0.0055,31°C,0.4955,-0.1,0.0,0.05,IMPLIED_TEMP_USED_OPEN_BUCKET_APPROX
2026-08-15 13:22:07,Ankara,2026-08-15,27.5,28.0,28°C,0.0105,"{""32°C"": 0.0005, ""33°C or higher"": 0.0005, ""23°C or below"": 0.0005, ""24°C"": 0.0005, ""25°C"": 0.205, ""26°C"": 0.665, ""27°C"": 0.07, ""28°C"": 0.0105, ""29°C"": 0.0005, ""30°C"": 0.0005, ""31°C"": 0.0005}",4ea5ab94,-16.37,-0.5,0.5,,,25.89,True,-1.61,-2.11,28°C,0.0105,28°C,0.0105,26°C,0.665,0.0,0.0,-0.11,IMPLIED_TEMP_USED_OPEN_BUCKET_APPROX
2026-08-15 13:22:07,Buenos Aires,2026-08-15,14.7,13.3,15°C,0.22,"{""12°C or below"": 0.0005, ""13°C"": 0.0005, ""14°C"": 0.04, ""15°C"": 0.22, ""16°C"": 0.65, ""17°C"": 0.12, ""18°C"": 0.015, ""19°C"": 0.0035, ""20°C"": 0.0005, ""21°C"": 0.0005, ""22°C or higher"": 0.0005}",4ea5ab94,-10.37,1.4,1.4,,,15.87,True,1.17,2.57,15°C,0.22,13°C,0.0005,16°C,0.65,0.2,0.0,-0.07,IMPLIED_TEMP_USED_OPEN_BUCKET_APPROX
2026-08-15 14:11:51,Hong Kong,2026-08-15,31.9,31.5,32°C,0.001,"{""27°C or below"": 0.0005, ""28°C"": 0.0005, ""29°C"": 0.0005, ""30°C"": 0.0005, ""31°C"": 0.9985, ""32°C"": 0.001, ""33°C"": 0.001, ""34°C"": 0.0005, ""35°C"": 0.0005, ""36°C"": 0.0005, ""37°C or higher"": 0.0005}",a92e66eb,-22.2,0.4,0.4,,,31.01,True,-0.89,-0.49,32°C,0.001,32°C,0.001,31°C,0.9985,0.0,0.0,0.0,IMPLIED_TEMP_USED_OPEN_BUCKET_APPROX
2026-08-15 14:11:51,Tokyo,2026-08-15,28.4,30.5,28°C,0.0005,"{""24°C or below"": 0.0005, ""25°C"": 0.0005, ""26°C"": 0.0005, ""27°C"": 0.0005, ""28°C"": 0.0005, ""29°C"": 0.9995, ""30°C"": 0.0005, ""31°C"": 0.0005, ""32°C"": 0.0005, ""33°C"": 0.0005, ""34°C or higher"": 0.0005}",a92e66eb,-23.2,-2.1,2.1,,,29.0,True,0.6,-1.5,28°C,0.0005,30°C,0.0005,29°C,0.9995,0.0,0.0,0.0,IMPLIED_TEMP_USED_OPEN_BUCKET_APPROX
2026-08-15 14:11:51,Shanghai,2026-08-15,30.7,30.9,31°C,0.9995,"{""25°C or below"": 0.0005, ""26°C"": 0.0005, ""27°C"": 0.0005, ""28°C"": 0.0005, ""29°C"": 0.0005, ""30°C"": 0.0005, ""31°C"": 0.9995, ""32°C"": 0.0005, ""33°C"": 0.0005, ""34°C"": 0.0005, ""35°C or higher"": 0.0005}",a92e66eb,-22.2,-0.2,0.2,,,30.99,True,0.29,0.09,31°C,0.9995,31°C,0.9995,31°C,0.9995,0.0,0.0,0.0,IMPLIED_TEMP_USED_OPEN_BUCKET_APPROX
2026-08-15 14:11:51,Qingdao,2026-08-15,30.9,30.1,31°C,0.9995,"{""33°C"": 0.0005, ""34°C"": 0.0005, ""35°C or higher"": 0.0005, ""32°C"": 0.0005, ""25°C or below"": 0.0005, ""26°C"": 0.0005, ""27°C"": 0.0005, ""28°C"": 0.0005, ""29°C"": 0.0005, ""30°C"": 0.0005, ""31°C"": 0.9995}",a92e66eb,-22.2,0.8,0.8,,,30.99,True,0.09,0.89,31°C,0.9995,30°C,0.0005,31°C,0.9995,0.0,0.0,0.0,IMPLIED_TEMP_USED_OPEN_BUCKET_APPROX
2026-08-15 14:11:51,Seoul,2026-08-15,27.3,25.2,27°C,0.0005,"{""34°C or higher"": 0.0005, ""24°C or below"": 0.0005, ""25°C"": 0.0005, ""26°C"": 0.0005, ""27°C"": 0.0005, ""28°C"": 0.9995, ""29°C"": 0.0005, ""30°C"": 0.0005, ""31°C"": 0.0005, ""32°C"": 0.0005, ""33°C"": 0.0005}",a92e66eb,-23.2,2.1,2.1,,,28.01,True,0.71,2.81,27°C,0.0005,25°C,0.0005,28°C,0.9995,0.0,0.0,0.0,IMPLIED_TEMP_USED_OPEN_BUCKET_APPROX
2026-08-15 14:11:51,Guangzhou,2026-08-15,32.9,35.3,33°C,0.0005,"{""29°C or below"": 0.0005, ""30°C"": 0.0005, ""31°C"": 0.0005, ""32°C"": 0.0005, ""33°C"": 0.0005, ""34°C"": 0.0005, ""35°C"": 0.9995, ""36°C"": 0.0005, ""37°C"": 0.0005, ""38°C"": 0.0005, ""39°C or higher"": 0.0005}",a92e66eb,-22.2,-2.4,2.4,,,34.99,True,2.09,-0.31,33°C,0.0005,35°C,0.9995,35°C,0.9995,0.0,0.0,0.0,IMPLIED_TEMP_USED_OPEN_BUCKET_APPROX
2026-08-15 14:11:51,Shenzhen,2026-08-15,31.8,33.7,32°C,0.997,"{""33°C"": 0.003, ""31°C"": 0.0005, ""32°C"": 0.997, ""36°C"": 0.0005, ""37°C or higher"": 0.0005, ""27°C or below"": 0.0005, ""35°C"": 0.0005, ""29°C"": 0.0005, ""28°C"": 0.0005, ""30°C"": 0.0005, ""34°C"": 0.003}",a92e66eb,-22.2,-1.9,1.9,,,32.01,True,0.21,-1.69,32°C,0.997,34°C,0.003,32°C,0.997,0.0,0.0,0.01,IMPLIED_TEMP_USED_OPEN_BUCKET_APPROX
2026-08-15 14:11:51,New York,2026-08-15,28.8,29.9,84-85°F,0.29,"{""75°F or below"": 0.0005, ""76-77°F"": 0.0005, ""78-79°F"": 0.016, ""80-81°F"": 0.115, ""82-83°F"": 0.565, ""84-85°F"": 0.29, ""86-87°F"": 0.03, ""88-89°F"": 0.0025, ""90-91°F"": 0.0015, ""92-93°F"": 0.0005, ""94°F or higher"": 0.0005}",a92e66eb,-10.2,-1.1,1.1,,,28.29,True,-0.51,-1.61,84-85°F,0.29,86-87°F,0.03,82-83°F,0.565,0.0,0.5,0.07,IMPLIED_TEMP_USED_OPEN_BUCKET_APPROX
2026-08-15 14:11:51,Chicago,2026-08-15,25.6,25.2,78-79°F,0.38,"{""75°F or below"": 0.0145, ""76-77°F"": 0.0795, ""78-79°F"": 0.38, ""80-81°F"": 0.435, ""82-83°F"": 0.115, ""84-85°F"": 0.025, ""86-87°F"": 0.0045, ""88-89°F"": 0.0005, ""90-91°F"": 0.0005, ""92-93°F"": 0.0005, ""94°F or higher"": 0.0005}",a92e66eb,-9.2,0.4,0.4,,,26.53,True,0.93,1.33,78-79°F,0.38,76-77°F,0.0795,80-81°F,0.435,0.0,-0.1,-0.07,IMPLIED_TEMP_USED_OPEN_BUCKET_APPROX
2026-08-15 14:11:51,Miami,2026-08-15,32.8,33.0,90-91°F,0.06,"{""79°F or below"": 0.0005, ""80-81°F"": 0.0005, ""82-83°F"": 0.0005, ""84-85°F"": 0.0005, ""86-87°F"": 0.0005, ""88-89°F"": 0.0015, ""90-91°F"": 0.06, ""92-93°F"": 0.64, ""94-95°F"": 0.3, ""96-97°F"": 0.0135, ""98°F or higher"": 0.0025}",a92e66eb,-10.2,-0.2,0.2,,,33.89,True,1.09,0.89,90-91°F,0.06,90-91°F,0.06,92-93°F,0.64,0.0,0.2,0.1,IMPLIED_TEMP_USED_OPEN_BUCKET_APPROX
2026-08-15 14:11:51,London,2026-08-15,27.1,28.0,27°C,0.415,"{""20°C or below"": 0.0005, ""21°C"": 0.0005, ""22°C"": 0.0005, ""23°C"": 0.0005, ""24°C"": 0.0005, ""25°C"": 0.0005, ""26°C"": 0.555, ""27°C"": 0.415, ""28°C"": 0.015, ""29°C"": 0.0015, ""30°C or higher"": 0.001}",a92e66eb,-15.2,-0.9,0.9,,,26.45,True,-0.65,-1.55,27°C,0.415,28°C,0.015,26°C,0.555,0.0,0.0,-0.06,IMPLIED_TEMP_USED_OPEN_BUCKET_APPROX
2026-08-15 14:11:51,Paris,2026-08-15,32.4,34.6,32°C,0.176,"{""30°C or below"": 0.3545, ""31°C"": 0.457, ""32°C"": 0.176, ""33°C"": 0.05, ""34°C"": 0.011, ""35°C"": 0.006, ""36°C"": 0.005, ""37°C"": 0.002, ""38°C"": 0.001, ""39°C"": 0.0005, ""40°C or higher"": 0.0005}",a92e66eb,-16.2,-2.2,2.2,,,30.86,True,-1.54,-3.74,32°C,0.176,35°C,0.006,31°C,0.457,0.0,0.0,-0.21,IMPLIED_TEMP_USED_OPEN_BUCKET_APPROX
2026-08-15 14:11:51,Ankara,2026-08-15,27.5,28.0,28°C,0.0045,"{""32°C"": 0.0005, ""33°C or higher"": 0.0005, ""23°C or below"": 0.0005, ""24°C"": 0.0005, ""25°C"": 0.0005, ""26°C"": 0.98, ""27°C"": 0.02, ""28°C"": 0.0045, ""29°C"": 0.0005, ""30°C"": 0.0005, ""31°C"": 0.0005}",a92e66eb,-17.2,-0.5,0.5,,,26.04,True,-1.46,-1.96,28°C,0.0045,28°C,0.0045,26°C,0.98,0.0,0.0,0.15,IMPLIED_TEMP_USED_OPEN_BUCKET_APPROX
2026-08-15 14:11:51,Buenos Aires,2026-08-15,14.7,13.3,15°C,0.275,"{""12°C or below"": 0.0005, ""13°C"": 0.0005, ""14°C"": 0.045, ""15°C"": 0.275, ""16°C"": 0.58, ""17°C"": 0.115, ""18°C"": 0.015, ""19°C"": 0.0045, ""20°C"": 0.0005, ""21°C"": 0.001, ""22°C or higher"": 0.0005}",a92e66eb,-11.2,1.4,1.4,,,15.81,True,1.11,2.51,15°C,0.275,13°C,0.0005,16°C,0.58,0.0,0.0,-0.06,IMPLIED_TEMP_USED_OPEN_BUCKET_APPROX
2026-08-15 15:10:07,Hong Kong,2026-08-15,31.9,31.5,32°C,0.001,"{""27°C or below"": 0.0005, ""28°C"": 0.0005, ""29°C"": 0.0005, ""30°C"": 0.0005, ""31°C"": 0.9985, ""32°C"": 0.001, ""33°C"": 0.001, ""34°C"": 0.0005, ""35°C"": 0.0005, ""36°C"": 0.0005, ""37°C or higher"": 0.0005}",bc19a4b3,-23.17,0.4,0.4,,,31.01,True,-0.89,-0.49,32°C,0.001,32°C,0.001,31°C,0.9985,0.0,0.0,0.0,IMPLIED_TEMP_USED_OPEN_BUCKET_APPROX
2026-08-15 15:10:07,Tokyo,2026-08-16,26.0,28.6,26°C,0.008,"{""25°C"": 0.003, ""26°C"": 0.008, ""24°C or below"": 0.0005, ""27°C"": 0.025, ""28°C"": 0.255, ""29°C"": 0.415, ""30°C"": 0.235, ""31°C"": 0.045, ""32°C"": 0.025, ""33°C"": 0.009, ""34°C or higher"": 0.0025}",bc19a4b3,-0.17,-2.6,2.6,,,29.1,True,3.1,0.5,26°C,0.008,29°C,0.415,29°C,0.415,-2.4,-1.9,0.1,IMPLIED_TEMP_USED_OPEN_BUCKET_APPROX
2026-08-15 15:10:07,Shanghai,2026-08-15,30.7,30.9,31°C,0.9995,"{""25°C or below"": 0.0005, ""26°C"": 0.0005, ""27°C"": 0.0005, ""28°C"": 0.0005, ""29°C"": 0.0005, ""30°C"": 0.0005, ""31°C"": 0.9995, ""32°C"": 0.0005, ""33°C"": 0.0005, ""34°C"": 0.0005, ""35°C or higher"": 0.0005}",bc19a4b3,-23.17,-0.2,0.2,,,30.99,True,0.29,0.09,31°C,0.9995,31°C,0.9995,31°C,0.9995,0.0,0.0,0.0,IMPLIED_TEMP_USED_OPEN_BUCKET_APPROX
2026-08-15 15:10:07,Qingdao,2026-08-15,30.9,30.1,31°C,0.9995,"{""33°C"": 0.0005, ""34°C"": 0.0005, ""35°C or higher"": 0.0005, ""32°C"": 0.0005, ""25°C or below"": 0.0005, ""26°C"": 0.0005, ""27°C"": 0.0005, ""28°C"": 0.0005, ""29°C"": 0.0005, ""30°C"": 0.0005, ""31°C"": 0.9995}",bc19a4b3,-23.17,0.8,0.8,,,30.99,True,0.09,0.89,31°C,0.9995,30°C,0.0005,31°C,0.9995,0.0,0.0,0.0,IMPLIED_TEMP_USED_OPEN_BUCKET_APPROX
2026-08-15 15:10:07,Seoul,2026-08-16,27.5,28.0,28°C,0.415,"{""22°C or below"": 0.0025, ""23°C"": 0.0005, ""24°C"": 0.0035, ""25°C"": 0.0165, ""26°C"": 0.035, ""27°C"": 0.16, ""28°C"": 0.415, ""29°C"": 0.295, ""30°C"": 0.08, ""31°C"": 0.035, ""32°C or higher"": 0.0125}",bc19a4b3,-0.17,-0.5,0.5,,,28.29,True,0.79,0.29,28°C,0.415,28°C,0.415,28°C,0.415,0.2,2.8,0.28,IMPLIED_TEMP_USED_OPEN_BUCKET_APPROX
2026-08-15 15:10:07,Guangzhou,2026-08-15,32.9,35.3,33°C,0.0005,"{""29°C or below"": 0.0005, ""30°C"": 0.0005, ""31°C"": 0.0005, ""32°C"": 0.0005, ""33°C"": 0.0005, ""34°C"": 0.0005, ""35°C"": 0.9995, ""36°C"": 0.0005, ""37°C"": 0.0005, ""38°C"": 0.0005, ""39°C or higher"": 0.0005}",bc19a4b3,-23.17,-2.4,2.4,,,34.99,True,2.09,-0.31,33°C,0.0005,35°C,0.9995,35°C,0.9995,0.0,0.0,0.0,IMPLIED_TEMP_USED_OPEN_BUCKET_APPROX
2026-08-15 15:10:07,Shenzhen,2026-08-15,31.8,33.7,32°C,0.9995,"{""33°C"": 0.0005, ""31°C"": 0.0005, ""32°C"": 0.9995, ""36°C"": 0.0005, ""37°C or higher"": 0.0005, ""27°C or below"": 0.0005, ""35°C"": 0.0005, ""29°C"": 0.0005, ""28°C"": 0.0005, ""30°C"": 0.0005, ""34°C"": 0.0025}",bc19a4b3,-23.17,-1.9,1.9,,,32.0,True,0.2,-1.7,32°C,0.9995,34°C,0.0025,32°C,0.9995,0.0,0.0,-0.01,IMPLIED_TEMP_USED_OPEN_BUCKET_APPROX
2026-08-15 15:10:07,New York,2026-08-15,28.8,29.6,84-85°F,0.24,"{""75°F or below"": 0.0005, ""76-77°F"": 0.0005, ""78-79°F"": 0.016, ""80-81°F"": 0.13, ""82-83°F"": 0.625, ""84-85°F"": 0.24, ""86-87°F"": 0.03, ""88-89°F"": 0.005, ""90-91°F"": 0.0015, ""92-93°F"": 0.0005, ""94°F or higher"": 0.0005}",bc19a4b3,-11.17,-0.8,0.8,,,28.23,True,-0.57,-1.37,84-85°F,0.24,84-85°F,0.24,82-83°F,0.625,0.0,-0.3,-0.06,IMPLIED_TEMP_USED_OPEN_BUCKET_APPROX
2026-08-15 15:10:07,Chicago,2026-08-15,25.6,24.7,78-79°F,0.335,"{""75°F or below"": 0.01, ""76-77°F"": 0.069, ""78-79°F"": 0.335, ""80-81°F"": 0.45, ""82-83°F"": 0.12, ""84-85°F"": 0.02, ""86-87°F"": 0.0045, ""88-89°F"": 0.0005, ""90-91°F"": 0.0005, ""92-93°F"": 0.0005, ""94°F or higher"": 0.0005}",bc19a4b3,-10.17,0.9,0.9,,,26.59,True,0.99,1.89,78-79°F,0.335,76-77°F,0.069,80-81°F,0.45,0.0,-0.5,0.06,IMPLIED_TEMP_USED_OPEN_BUCKET_APPROX
2026-08-15 15:10:07,Miami,2026-08-15,32.8,32.8,90-91°F,0.05,"{""79°F or below"": 0.0005, ""80-81°F"": 0.0005, ""82-83°F"": 0.0005, ""84-85°F"": 0.0005, ""86-87°F"": 0.0005, ""88-89°F"": 0.0005, ""90-91°F"": 0.05, ""92-93°F"": 0.69, ""94-95°F"": 0.255, ""96-97°F"": 0.0075, ""98°F or higher"": 0.0025}",bc19a4b3,-11.17,0.0,0.0,,,33.84,True,1.04,1.04,90-91°F,0.05,90-91°F,0.05,92-93°F,0.69,0.0,-0.2,-0.05,IMPLIED_TEMP_USED_OPEN_BUCKET_APPROX
2026-08-15 15:10:07,London,2026-08-15,27.1,28.0,27°C,0.045,"{""20°C or below"": 0.0005, ""21°C"": 0.0005, ""22°C"": 0.0005, ""23°C"": 0.0005, ""24°C"": 0.0005, ""25°C"": 0.0005, ""26°C"": 0.95, ""27°C"": 0.045, ""28°C"": 0.001, ""29°C"": 0.004, ""30°C or higher"": 0.001}",bc19a4b3,-16.17,-0.9,0.9,,,26.05,True,-1.05,-1.95,27°C,0.045,28°C,0.001,26°C,0.95,0.0,0.0,-0.4,IMPLIED_TEMP_USED_OPEN_BUCKET_APPROX
2026-08-15 15:10:07,Paris,2026-08-15,32.4,34.6,32°C,0.1115,"{""30°C or below"": 0.0005, ""31°C"": 0.8395, ""32°C"": 0.1115, ""33°C"": 0.015, ""34°C"": 0.0055, ""35°C"": 0.0025, ""36°C"": 0.0005, ""37°C"": 0.002, ""38°C"": 0.001, ""39°C"": 0.0005, ""40°C or higher"": 0.0005}",bc19a4b3,-17.17,-2.2,2.2,,,31.2,True,-1.2,-3.4,32°C,0.1115,35°C,0.0025,31°C,0.8395,0.0,0.0,0.34,IMPLIED_TEMP_USED_OPEN_BUCKET_APPROX
2026-08-15 15:10:07,Ankara,2026-08-15,27.5,28.0,28°C,0.004,"{""32°C"": 0.0005, ""33°C or higher"": 0.0005, ""23°C or below"": 0.0005, ""24°C"": 0.0005, ""25°C"": 0.0005, ""26°C"": 0.995, ""27°C"": 0.015, ""28°C"": 0.004, ""29°C"": 0.0005, ""30°C"": 0.0005, ""31°C"": 0.0005}",bc19a4b3,-18.17,-0.5,0.5,,,26.03,True,-1.47,-1.97,28°C,0.004,28°C,0.004,26°C,0.995,0.0,0.0,-0.01,IMPLIED_TEMP_USED_OPEN_BUCKET_APPROX
2026-08-15 15:10:07,Buenos Aires,2026-08-15,14.7,13.3,15°C,0.23,"{""12°C or below"": 0.0005, ""13°C"": 0.0005, ""14°C"": 0.005, ""15°C"": 0.23, ""16°C"": 0.67, ""17°C"": 0.105, ""18°C"": 0.015, ""19°C"": 0.0045, ""20°C"": 0.0005, ""21°C"": 0.0005, ""22°C or higher"": 0.0005}",bc19a4b3,-12.17,1.4,1.4,,,15.92,True,1.22,2.62,15°C,0.23,13°C,0.0005,16°C,0.67,0.0,0.0,0.11,IMPLIED_TEMP_USED_OPEN_BUCKET_APPROX
