timestamp_utc,city,target_date,ecmwf_max_c,gfs_max_c,predicted_bucket,polymarket_price,all_bucket_prices,snapshot_id,lead_time_hours,model_spread_c,abs_model_spread_c,ecmwf_run_utc,gfs_run_utc,market_implied_temp_c,market_vs_ecmwf_c,market_vs_gfs_c,ecmwf_bucket_probability,gfs_bucket_probability,ecmwf_change_c,gfs_change_c,market_implied_change_c,data_quality
2026-08-15 04:06:58,Hong Kong,2026-08-16,31.1,32.3,31°C,0.145,"{""27°C or below"": 0.001, ""28°C"": 0.0035, ""29°C"": 0.0045, ""30°C"": 0.035, ""31°C"": 0.145, ""32°C"": 0.325, ""33°C"": 0.365, ""34°C"": 0.115, ""35°C"": 0.025, ""36°C"": 0.007, ""37°C or higher"": 0.0045}",9076013b,19.88,-1.2,1.2,,,32.46,1.36,0.16,0.145,0.325,,,,OK
2026-08-15 04:06:58,Tokyo,2026-08-16,26.5,30.2,26°C,0.0055,"{""25°C"": 0.0015, ""26°C"": 0.0055, ""24°C or below"": 0.0005, ""27°C"": 0.035, ""28°C"": 0.155, ""29°C"": 0.355, ""30°C"": 0.375, ""31°C"": 0.055, ""32°C"": 0.025, ""33°C"": 0.015, ""34°C or higher"": 0.0025}",9076013b,19.88,-3.7,3.7,,,29.37,2.87,-0.83,0.0055,0.375,,,,OK
2026-08-15 04:06:58,Shanghai,2026-08-16,29.4,28.8,29°C,0.085,"{""25°C or below"": 0.0005, ""26°C"": 0.0005, ""27°C"": 0.015, ""28°C"": 0.015, ""29°C"": 0.085, ""30°C"": 0.435, ""31°C"": 0.38, ""32°C"": 0.09, ""33°C"": 0.0155, ""34°C"": 0.0035, ""35°C or higher"": 0.0005}",9076013b,19.88,0.6,0.6,,,30.44,1.04,1.64,0.085,0.085,,,,OK
2026-08-15 04:06:58,Qingdao,2026-08-16,32.0,31.5,32°C,0.265,"{""26°C or below"": 0.002, ""27°C"": 0.0025, ""28°C"": 0.005, ""29°C"": 0.008, ""30°C"": 0.035, ""31°C"": 0.1, ""32°C"": 0.265, ""33°C"": 0.405, ""34°C"": 0.185, ""35°C"": 0.045, ""36°C or higher"": 0.008}",9076013b,19.88,0.5,0.5,,,32.67,0.67,1.17,0.265,0.265,,,,OK
2026-08-15 04:06:58,Seoul,2026-08-16,28.3,27.8,28°C,0.235,"{""22°C or below"": 0.0005, ""23°C"": 0.0005, ""24°C"": 0.0005, ""25°C"": 0.0195, ""26°C"": 0.075, ""27°C"": 0.16, ""28°C"": 0.235, ""29°C"": 0.295, ""30°C"": 0.185, ""31°C"": 0.065, ""32°C or higher"": 0.025}",9076013b,19.88,0.5,0.5,,,28.56,0.26,0.76,0.235,0.235,,,,OK
2026-08-15 04:06:58,Guangzhou,2026-08-16,33.0,36.7,33°C,0.025,"{""29°C or below"": 0.0005, ""30°C"": 0.0005, ""31°C"": 0.0025, ""32°C"": 0.0135, ""33°C"": 0.025, ""34°C"": 0.09, ""35°C"": 0.23, ""36°C"": 0.45, ""37°C"": 0.165, ""38°C"": 0.035, ""39°C or higher"": 0.006}",9076013b,19.88,-3.7,3.7,,,35.7,2.7,-1.0,0.025,0.165,,,,OK
2026-08-15 04:06:58,Shenzhen,2026-08-16,31.1,34.3,31°C,0.075,"{""27°C or below"": 0.003, ""28°C"": 0.0035, ""31°C"": 0.075, ""32°C"": 0.175, ""33°C"": 0.425, ""29°C"": 0.0065, ""30°C"": 0.015, ""34°C"": 0.245, ""35°C"": 0.065, ""36°C"": 0.032, ""37°C or higher"": 0.0085}",9076013b,19.88,-3.2,3.2,,,33.07,1.97,-1.23,0.075,0.245,,,,OK
2026-08-15 04:06:58,New York,2026-08-16,26.3,27.0,,,{},9076013b,19.88,-0.7,0.7,,,,,,,,,,,MISSING_POLYMARKET_PRICES
2026-08-15 04:06:58,Chicago,2026-08-16,27.8,28.7,,,{},9076013b,19.88,-0.9,0.9,,,,,,,,,,,MISSING_POLYMARKET_PRICES
2026-08-15 04:06:58,Miami,2026-08-16,32.9,32.2,,,{},9076013b,19.88,0.7,0.7,,,,,,,,,,,MISSING_POLYMARKET_PRICES
2026-08-15 04:06:58,London,,,,,,{},9076013b,,,,,,,,,,,,,,WEATHER_FETCH_FAILED|MISSING_POLYMARKET_PRICES
2026-08-15 04:06:58,Paris,,,,,,{},9076013b,,,,,,,,,,,,,,WEATHER_FETCH_FAILED|MISSING_POLYMARKET_PRICES
2026-08-15 04:06:58,Ankara,,,,,,{},9076013b,,,,,,,,,,,,,,WEATHER_FETCH_FAILED|MISSING_POLYMARKET_PRICES
2026-08-15 04:06:58,Buenos Aires,,,,,,{},9076013b,,,,,,,,,,,,,,WEATHER_FETCH_FAILED|MISSING_POLYMARKET_PRICES
2026-08-15 04:16:39,Hong Kong,2026-08-16,31.1,32.3,31°C,0.145,"{""27°C or below"": 0.001, ""28°C"": 0.0035, ""29°C"": 0.0045, ""30°C"": 0.035, ""31°C"": 0.145, ""32°C"": 0.325, ""33°C"": 0.365, ""34°C"": 0.115, ""35°C"": 0.025, ""36°C"": 0.007, ""37°C or higher"": 0.0045}",62108e33,19.72,-1.2,1.2,,,32.46,1.36,0.16,0.145,0.325,,,,OK
2026-08-15 04:16:39,Tokyo,2026-08-16,26.5,30.2,26°C,0.0055,"{""25°C"": 0.0015, ""26°C"": 0.0055, ""24°C or below"": 0.0005, ""27°C"": 0.045, ""28°C"": 0.155, ""29°C"": 0.355, ""30°C"": 0.375, ""31°C"": 0.055, ""32°C"": 0.025, ""33°C"": 0.015, ""34°C or higher"": 0.0025}",62108e33,19.72,-3.7,3.7,,,29.35,2.85,-0.85,0.0055,0.375,,,,OK
2026-08-15 04:16:39,Shanghai,2026-08-16,29.4,28.8,29°C,0.085,"{""25°C or below"": 0.0005, ""26°C"": 0.0005, ""27°C"": 0.015, ""28°C"": 0.015, ""29°C"": 0.085, ""30°C"": 0.435, ""31°C"": 0.395, ""32°C"": 0.085, ""33°C"": 0.0155, ""34°C"": 0.0025, ""35°C or higher"": 0.0005}",62108e33,19.72,0.6,0.6,,,30.44,1.04,1.64,0.085,0.085,,,,OK
2026-08-15 04:16:39,Qingdao,2026-08-16,32.0,31.5,32°C,0.27,"{""26°C or below"": 0.002, ""27°C"": 0.0025, ""28°C"": 0.005, ""29°C"": 0.0065, ""30°C"": 0.03, ""31°C"": 0.1, ""32°C"": 0.27, ""33°C"": 0.405, ""34°C"": 0.19, ""35°C"": 0.045, ""36°C or higher"": 0.0085}",62108e33,19.72,0.5,0.5,,,32.69,0.69,1.19,0.27,0.27,,,,OK
2026-08-15 04:16:39,Seoul,2026-08-16,28.3,27.8,28°C,0.235,"{""22°C or below"": 0.0005, ""23°C"": 0.0005, ""24°C"": 0.0005, ""25°C"": 0.0145, ""26°C"": 0.065, ""27°C"": 0.155, ""28°C"": 0.235, ""29°C"": 0.295, ""30°C"": 0.185, ""31°C"": 0.065, ""32°C or higher"": 0.025}",62108e33,19.72,0.5,0.5,,,28.61,0.31,0.81,0.235,0.235,,,,OK
2026-08-15 04:16:39,Guangzhou,2026-08-16,33.0,36.7,33°C,0.025,"{""29°C or below"": 0.0005, ""30°C"": 0.0005, ""31°C"": 0.0025, ""32°C"": 0.013, ""33°C"": 0.025, ""34°C"": 0.09, ""35°C"": 0.23, ""36°C"": 0.45, ""37°C"": 0.165, ""38°C"": 0.035, ""39°C or higher"": 0.006}",62108e33,19.72,-3.7,3.7,,,35.7,2.7,-1.0,0.025,0.165,,,,OK
2026-08-15 04:16:39,Shenzhen,2026-08-16,31.1,34.3,31°C,0.075,"{""27°C or below"": 0.003, ""28°C"": 0.0035, ""31°C"": 0.075, ""32°C"": 0.175, ""33°C"": 0.43, ""29°C"": 0.0065, ""30°C"": 0.015, ""34°C"": 0.245, ""35°C"": 0.065, ""36°C"": 0.031, ""37°C or higher"": 0.0085}",62108e33,19.72,-3.2,3.2,,,33.07,1.97,-1.23,0.075,0.245,,,,OK
2026-08-15 04:16:39,New York,2026-08-16,26.3,27.0,,,{},62108e33,19.72,-0.7,0.7,,,,,,,,,,,MISSING_POLYMARKET_PRICES
2026-08-15 04:16:39,Chicago,2026-08-16,27.8,28.7,,,{},62108e33,19.72,-0.9,0.9,,,,,,,,,,,MISSING_POLYMARKET_PRICES
2026-08-15 04:16:39,Miami,2026-08-16,32.9,32.2,,,{},62108e33,19.72,0.7,0.7,,,,,,,,,,,MISSING_POLYMARKET_PRICES
2026-08-15 04:16:39,London,2026-08-16,27.1,27.2,27°C,0.295,"{""23°C or below"": 0.025, ""24°C"": 0.025, ""25°C"": 0.175, ""26°C"": 0.415, ""27°C"": 0.295, ""28°C"": 0.055, ""29°C"": 0.025, ""30°C"": 0.0045, ""31°C"": 0.0005, ""32°C"": 0.0005, ""33°C or higher"": 0.0005}",62108e33,19.72,-0.1,0.1,,,26.19,-0.91,-1.01,0.295,0.295,,,,OK
2026-08-15 04:16:39,Paris,2026-08-16,31.1,30.9,31°C,0.285,"{""30°C"": 0.475, ""31°C"": 0.285, ""32°C"": 0.058, ""33°C"": 0.008, ""34°C"": 0.0005, ""35°C or higher"": 0.001, ""29°C"": 0.165, ""25°C or below"": 0.0015, ""26°C"": 0.0005, ""27°C"": 0.015, ""28°C"": 0.035}",62108e33,19.72,0.2,0.2,,,30.14,-0.96,-0.76,0.285,0.285,,,,OK
2026-08-15 04:16:39,Ankara,2026-08-16,28.0,29.0,28°C,0.235,"{""30°C"": 0.007, ""31°C"": 0.005, ""32°C or higher"": 0.002, ""27°C"": 0.54, ""28°C"": 0.235, ""29°C"": 0.035, ""22°C or below"": 0.002, ""23°C"": 0.0025, ""24°C"": 0.003, ""25°C"": 0.0185, ""26°C"": 0.175}",62108e33,19.72,-1.0,1.0,,,27.11,-0.89,-1.89,0.235,0.035,,,,OK
2026-08-15 04:16:39,Buenos Aires,2026-08-16,16.8,16.6,,,{},62108e33,19.72,0.2,0.2,,,,,,,,,,,MISSING_POLYMARKET_PRICES
2026-08-15 05:15:11,Hong Kong,2026-08-16,31.1,32.3,31°C,0.105,"{""27°C or below"": 0.0015, ""28°C"": 0.0035, ""29°C"": 0.0045, ""30°C"": 0.035, ""31°C"": 0.105, ""32°C"": 0.355, ""33°C"": 0.365, ""34°C"": 0.115, ""35°C"": 0.025, ""36°C"": 0.006, ""37°C or higher"": 0.0045}",ae563b76,18.75,-1.2,1.2,,,32.5,1.4,0.2,0.105,0.355,,,,OK
2026-08-15 05:15:11,Tokyo,2026-08-16,26.5,30.2,26°C,0.0055,"{""25°C"": 0.0015, ""26°C"": 0.0055, ""24°C or below"": 0.0005, ""27°C"": 0.045, ""28°C"": 0.155, ""29°C"": 0.355, ""30°C"": 0.365, ""31°C"": 0.055, ""32°C"": 0.015, ""33°C"": 0.015, ""34°C or higher"": 0.0025}",ae563b76,18.75,-3.7,3.7,,,29.32,2.82,-0.88,0.0055,0.365,,,,OK
2026-08-15 05:15:11,Shanghai,2026-08-16,29.4,28.8,29°C,0.085,"{""25°C or below"": 0.0005, ""26°C"": 0.0005, ""27°C"": 0.015, ""28°C"": 0.015, ""29°C"": 0.085, ""30°C"": 0.435, ""31°C"": 0.395, ""32°C"": 0.085, ""33°C"": 0.0105, ""34°C"": 0.0025, ""35°C or higher"": 0.0005}",ae563b76,18.75,0.6,0.6,,,30.43,1.03,1.63,0.085,0.085,,,,OK
2026-08-15 05:15:11,Qingdao,2026-08-16,32.0,31.5,32°C,0.265,"{""26°C or below"": 0.002, ""27°C"": 0.0025, ""28°C"": 0.0055, ""29°C"": 0.0055, ""30°C"": 0.03, ""31°C"": 0.095, ""32°C"": 0.265, ""33°C"": 0.395, ""34°C"": 0.215, ""35°C"": 0.04, ""36°C or higher"": 0.007}",ae563b76,18.75,0.5,0.5,,,32.71,0.71,1.21,0.265,0.265,,,,OK
2026-08-15 05:15:11,Seoul,2026-08-16,28.3,27.8,28°C,0.245,"{""22°C or below"": 0.0005, ""23°C"": 0.0005, ""24°C"": 0.0005, ""25°C"": 0.0155, ""26°C"": 0.085, ""27°C"": 0.175, ""28°C"": 0.245, ""29°C"": 0.275, ""30°C"": 0.165, ""31°C"": 0.055, ""32°C or higher"": 0.025}",ae563b76,18.75,0.5,0.5,,,28.46,0.16,0.66,0.245,0.245,,,,OK
2026-08-15 05:15:11,Guangzhou,2026-08-16,33.0,36.7,33°C,0.025,"{""29°C or below"": 0.0005, ""30°C"": 0.0005, ""31°C"": 0.0025, ""32°C"": 0.015, ""33°C"": 0.025, ""34°C"": 0.09, ""35°C"": 0.22, ""36°C"": 0.455, ""37°C"": 0.155, ""38°C"": 0.035, ""39°C or higher"": 0.006}",ae563b76,18.75,-3.7,3.7,,,35.69,2.69,-1.01,0.025,0.155,,,,OK
2026-08-15 05:15:11,Shenzhen,2026-08-16,31.1,34.3,31°C,0.075,"{""27°C or below"": 0.003, ""28°C"": 0.0035, ""31°C"": 0.075, ""32°C"": 0.175, ""33°C"": 0.425, ""29°C"": 0.0065, ""30°C"": 0.015, ""34°C"": 0.245, ""35°C"": 0.065, ""36°C"": 0.0285, ""37°C or higher"": 0.0085}",ae563b76,18.75,-3.2,3.2,,,33.06,1.96,-1.24,0.075,0.245,,,,OK
2026-08-15 05:15:11,New York,2026-08-16,26.3,27.0,,,{},ae563b76,18.75,-0.7,0.7,,,,,,,,,,,MISSING_POLYMARKET_PRICES
2026-08-15 05:15:11,Chicago,2026-08-16,27.8,28.7,,,{},ae563b76,18.75,-0.9,0.9,,,,,,,,,,,MISSING_POLYMARKET_PRICES
2026-08-15 05:15:11,Miami,2026-08-16,32.9,32.2,,,{},ae563b76,18.75,0.7,0.7,,,,,,,,,,,MISSING_POLYMARKET_PRICES
2026-08-15 05:15:11,London,2026-08-16,27.1,27.2,27°C,0.295,"{""23°C or below"": 0.025, ""24°C"": 0.025, ""25°C"": 0.18, ""26°C"": 0.415, ""27°C"": 0.295, ""28°C"": 0.055, ""29°C"": 0.0255, ""30°C"": 0.0045, ""31°C"": 0.0005, ""32°C"": 0.0005, ""33°C or higher"": 0.0005}",ae563b76,18.75,-0.1,0.1,,,26.19,-0.91,-1.01,0.295,0.295,,,,OK
2026-08-15 05:15:11,Paris,2026-08-16,31.1,30.9,31°C,0.305,"{""30°C"": 0.42, ""31°C"": 0.305, ""32°C"": 0.068, ""33°C"": 0.008, ""34°C"": 0.0005, ""35°C or higher"": 0.0005, ""29°C"": 0.165, ""25°C or below"": 0.001, ""26°C"": 0.0005, ""27°C"": 0.015, ""28°C"": 0.035}",ae563b76,18.75,0.2,0.2,,,30.18,-0.92,-0.72,0.305,0.305,,,,OK
2026-08-15 05:15:11,Ankara,2026-08-16,28.0,29.0,28°C,0.23,"{""30°C"": 0.006, ""31°C"": 0.0045, ""32°C or higher"": 0.002, ""27°C"": 0.54, ""28°C"": 0.23, ""29°C"": 0.035, ""22°C or below"": 0.002, ""23°C"": 0.0025, ""24°C"": 0.0025, ""25°C"": 0.024, ""26°C"": 0.195}",ae563b76,18.75,-1.0,1.0,,,27.07,-0.93,-1.93,0.23,0.035,,,,OK
2026-08-15 05:15:11,Buenos Aires,2026-08-16,16.8,16.6,,,{},ae563b76,18.75,0.2,0.2,,,,,,,,,,,MISSING_POLYMARKET_PRICES
2026-08-15 05:24:48,Hong Kong,2026-08-15,30.5,31.6,30°C,0.175,"{""27°C or below"": 0.0005, ""28°C"": 0.0015, ""29°C"": 0.0015, ""30°C"": 0.175, ""31°C"": 0.485, ""32°C"": 0.27, ""33°C"": 0.042, ""34°C"": 0.0055, ""35°C"": 0.0005, ""36°C"": 0.0005, ""37°C or higher"": 0.0005}",90332ece,-5.41,-1.1,1.1,,,31.2,0.7,-0.4,0.175,0.27,,,,OK
2026-08-15 05:24:48,Tokyo,2026-08-15,28.3,31.0,28°C,0.0005,"{""24°C or below"": 0.0005, ""25°C"": 0.0005, ""26°C"": 0.0005, ""27°C"": 0.0005, ""28°C"": 0.0005, ""29°C"": 0.985, ""30°C"": 0.02, ""31°C"": 0.003, ""32°C"": 0.0005, ""33°C"": 0.0005, ""34°C or higher"": 0.0005}",90332ece,-5.41,-2.7,2.7,,,29.02,0.72,-1.98,0.0005,0.003,,,,OK
2026-08-15 05:24:48,Shanghai,2026-08-15,29.5,30.6,30°C,0.0005,"{""25°C or below"": 0.0005, ""26°C"": 0.0005, ""27°C"": 0.0005, ""28°C"": 0.0005, ""29°C"": 0.0005, ""30°C"": 0.0005, ""31°C"": 0.88, ""32°C"": 0.105, ""33°C"": 0.013, ""34°C"": 0.0005, ""35°C or higher"": 0.0005}",90332ece,-5.41,-1.1,1.1,,,31.12,1.62,0.52,0.0005,0.88,,,,OK
2026-08-15 05:24:48,Qingdao,2026-08-15,30.9,30.9,31°C,0.475,"{""33°C"": 0.0585, ""34°C"": 0.008, ""35°C or higher"": 0.0005, ""32°C"": 0.46, ""25°C or below"": 0.0005, ""26°C"": 0.0005, ""27°C"": 0.0005, ""28°C"": 0.0005, ""29°C"": 0.0005, ""30°C"": 0.0005, ""31°C"": 0.475}",90332ece,-5.41,0.0,0.0,,,31.59,0.69,0.69,0.475,0.475,,,,OK
2026-08-15 05:24:48,Seoul,2026-08-15,28.2,25.2,28°C,0.905,"{""34°C or higher"": 0.0005, ""24°C or below"": 0.0005, ""25°C"": 0.0005, ""26°C"": 0.0005, ""27°C"": 0.0005, ""28°C"": 0.905, ""29°C"": 0.075, ""30°C"": 0.0065, ""31°C"": 0.003, ""32°C"": 0.001, ""33°C"": 0.0005}",90332ece,-5.41,3.0,3.0,,,28.1,-0.1,2.9,0.905,0.0005,,,,OK
2026-08-15 05:24:48,Guangzhou,2026-08-15,31.4,35.0,31°C,0.0005,"{""29°C or below"": 0.0005, ""30°C"": 0.0005, ""31°C"": 0.0005, ""32°C"": 0.0005, ""33°C"": 0.075, ""34°C"": 0.265, ""35°C"": 0.595, ""36°C"": 0.085, ""37°C"": 0.025, ""38°C"": 0.0005, ""39°C or higher"": 0.0005}",90332ece,-5.41,-3.6,3.6,,,34.73,3.33,-0.27,0.0005,0.595,,,,OK
2026-08-15 05:24:48,Shenzhen,2026-08-15,30.3,33.7,30°C,0.015,"{""33°C"": 0.235, ""31°C"": 0.28, ""32°C"": 0.45, ""36°C"": 0.0015, ""37°C or higher"": 0.0005, ""27°C or below"": 0.0005, ""35°C"": 0.0015, ""29°C"": 0.0005, ""28°C"": 0.0005, ""30°C"": 0.015, ""34°C"": 0.07}",90332ece,-5.41,-3.4,3.4,,,32.07,1.77,-1.63,0.015,0.07,,,,OK
2026-08-15 05:24:48,New York,2026-08-15,28.7,29.4,75°F or below,0.001,"{""75°F or below"": 0.001, ""76-77°F"": 0.005, ""78-79°F"": 0.013, ""80-81°F"": 0.105, ""82-83°F"": 0.485, ""84-85°F"": 0.375, ""86-87°F"": 0.06, ""88-89°F"": 0.012, ""90-91°F"": 0.0015, ""92-93°F"": 0.0005, ""94°F or higher"": 0.0005}",90332ece,-5.41,-0.7,0.7,,,82.74,54.04,53.34,0.001,0.001,,,,OK
2026-08-15 05:24:48,Chicago,2026-08-15,24.7,25.5,75°F or below,0.017,"{""75°F or below"": 0.017, ""76-77°F"": 0.1055, ""78-79°F"": 0.335, ""80-81°F"": 0.4, ""82-83°F"": 0.15, ""84-85°F"": 0.035, ""86-87°F"": 0.0055, ""88-89°F"": 0.0005, ""90-91°F"": 0.0005, ""92-93°F"": 0.0005, ""94°F or higher"": 0.0005}",90332ece,-5.41,-0.8,0.8,,,79.34,54.64,53.84,0.017,0.017,,,,OK
2026-08-15 05:24:48,Miami,2026-08-15,32.4,32.8,79°F or below,0.0005,"{""79°F or below"": 0.0005, ""80-81°F"": 0.0005, ""82-83°F"": 0.0005, ""84-85°F"": 0.0005, ""86-87°F"": 0.0045, ""88-89°F"": 0.001, ""90-91°F"": 0.055, ""92-93°F"": 0.72, ""94-95°F"": 0.225, ""96-97°F"": 0.0055, ""98°F or higher"": 0.0015}",90332ece,-5.41,-0.4,0.4,,,92.31,59.91,59.51,0.0005,0.0005,,,,OK
2026-08-15 05:24:48,London,2026-08-15,27.5,27.2,28°C,0.325,"{""20°C or below"": 0.0005, ""21°C"": 0.0005, ""22°C"": 0.0005, ""23°C"": 0.0005, ""24°C"": 0.007, ""25°C"": 0.055, ""26°C"": 0.205, ""27°C"": 0.41, ""28°C"": 0.325, ""29°C"": 0.0195, ""30°C or higher"": 0.004}",90332ece,-5.41,0.3,0.3,,,27.03,-0.47,-0.17,0.325,0.41,,,,OK
2026-08-15 05:24:48,Paris,2026-08-15,34.3,34.6,34°C,0.635,"{""30°C or below"": 0.005, ""31°C"": 0.003, ""32°C"": 0.0235, ""33°C"": 0.18, ""34°C"": 0.635, ""35°C"": 0.15, ""36°C"": 0.0425, ""37°C"": 0.006, ""38°C"": 0.0005, ""39°C"": 0.0005, ""40°C or higher"": 0.0005}",90332ece,-5.41,-0.3,0.3,,,34.0,-0.3,-0.6,0.635,0.15,,,,OK
2026-08-15 05:24:48,Ankara,2026-08-15,27.7,28.3,28°C,0.02,"{""32°C"": 0.0005, ""33°C or higher"": 0.0005, ""23°C or below"": 0.0005, ""24°C"": 0.0005, ""25°C"": 0.07, ""26°C"": 0.505, ""27°C"": 0.44, ""28°C"": 0.02, ""29°C"": 0.0015, ""30°C"": 0.0005, ""31°C"": 0.0005}",90332ece,-5.41,-0.6,0.6,,,26.41,-1.29,-1.89,0.02,0.02,,,,OK
2026-08-15 05:24:48,Buenos Aires,2026-08-15,14.3,13.3,14°C,0.03,"{""12°C or below"": 0.0005, ""13°C"": 0.0005, ""14°C"": 0.03, ""15°C"": 0.125, ""16°C"": 0.595, ""17°C"": 0.195, ""18°C"": 0.025, ""19°C"": 0.006, ""20°C"": 0.002, ""21°C"": 0.0005, ""22°C or higher"": 0.0005}",90332ece,-5.41,1.0,1.0,,,16.09,1.79,2.79,0.03,0.0005,,,,OK
2026-08-15 05:30:42,Hong Kong,2026-08-15,30.5,31.6,30°C,0.135,"{""27°C or below"": 0.0005, ""28°C"": 0.0015, ""29°C"": 0.0015, ""30°C"": 0.135, ""31°C"": 0.58, ""32°C"": 0.305, ""33°C"": 0.03, ""34°C"": 0.005, ""35°C"": 0.0005, ""36°C"": 0.0005, ""37°C or higher"": 0.0005}",b3fb1495,-5.51,-1.1,1.1,,,31.23,0.73,-0.37,0.135,0.305,,,,OK
2026-08-15 05:30:42,Tokyo,2026-08-15,28.3,31.0,28°C,0.0005,"{""24°C or below"": 0.0005, ""25°C"": 0.0005, ""26°C"": 0.0005, ""27°C"": 0.0005, ""28°C"": 0.0005, ""29°C"": 0.97, ""30°C"": 0.025, ""31°C"": 0.003, ""32°C"": 0.0005, ""33°C"": 0.0005, ""34°C or higher"": 0.0005}",b3fb1495,-5.51,-2.7,2.7,,,29.03,0.73,-1.97,0.0005,0.003,,,,OK
2026-08-15 05:30:42,Shanghai,2026-08-15,29.5,30.6,30°C,0.0005,"{""25°C or below"": 0.0005, ""26°C"": 0.0005, ""27°C"": 0.0005, ""28°C"": 0.0005, ""29°C"": 0.0005, ""30°C"": 0.0005, ""31°C"": 0.915, ""32°C"": 0.055, ""33°C"": 0.0125, ""34°C"": 0.0005, ""35°C or higher"": 0.0005}",b3fb1495,-5.51,-1.1,1.1,,,31.07,1.57,0.47,0.0005,0.915,,,,OK
2026-08-15 05:30:42,Qingdao,2026-08-15,30.9,30.9,31°C,0.475,"{""33°C"": 0.0575, ""34°C"": 0.008, ""35°C or higher"": 0.0005, ""32°C"": 0.445, ""25°C or below"": 0.0005, ""26°C"": 0.0005, ""27°C"": 0.0005, ""28°C"": 0.0005, ""29°C"": 0.0005, ""30°C"": 0.0005, ""31°C"": 0.475}",b3fb1495,-5.51,0.0,0.0,,,31.58,0.68,0.68,0.475,0.475,,,,OK
2026-08-15 05:30:42,Seoul,2026-08-15,28.2,25.2,28°C,0.885,"{""34°C or higher"": 0.0005, ""24°C or below"": 0.0005, ""25°C"": 0.0005, ""26°C"": 0.0005, ""27°C"": 0.0005, ""28°C"": 0.885, ""29°C"": 0.095, ""30°C"": 0.0065, ""31°C"": 0.003, ""32°C"": 0.001, ""33°C"": 0.0005}",b3fb1495,-5.51,3.0,3.0,,,28.12,-0.08,2.92,0.885,0.0005,,,,OK
2026-08-15 05:30:42,Guangzhou,2026-08-15,31.4,35.0,31°C,0.0005,"{""29°C or below"": 0.0005, ""30°C"": 0.0005, ""31°C"": 0.0005, ""32°C"": 0.0005, ""33°C"": 0.045, ""34°C"": 0.26, ""35°C"": 0.62, ""36°C"": 0.095, ""37°C"": 0.025, ""38°C"": 0.0005, ""39°C or higher"": 0.0005}",b3fb1495,-5.51,-3.6,3.6,,,34.8,3.4,-0.2,0.0005,0.62,,,,OK
2026-08-15 05:30:42,Shenzhen,2026-08-15,30.3,33.7,30°C,0.025,"{""33°C"": 0.22, ""31°C"": 0.26, ""32°C"": 0.445, ""36°C"": 0.0015, ""37°C or higher"": 0.0005, ""27°C or below"": 0.0005, ""35°C"": 0.0055, ""29°C"": 0.0005, ""28°C"": 0.0005, ""30°C"": 0.025, ""34°C"": 0.11}",b3fb1495,-5.51,-3.4,3.4,,,32.14,1.84,-1.56,0.025,0.11,,,,OK
2026-08-15 05:30:42,New York,2026-08-15,28.7,29.4,,,"{""75°F or below"": 0.001, ""76-77°F"": 0.005, ""78-79°F"": 0.013, ""80-81°F"": 0.105, ""82-83°F"": 0.485, ""84-85°F"": 0.375, ""86-87°F"": 0.055, ""88-89°F"": 0.012, ""90-91°F"": 0.0015, ""92-93°F"": 0.0005, ""94°F or higher"": 0.0005}",b3fb1495,-5.51,-0.7,0.7,,,-17.99,-46.69,-47.39,,0.375,,,,ECMWF_BUCKET_MAPPING_AMBIGUOUS
2026-08-15 05:30:42,Chicago,2026-08-15,24.7,25.5,,,"{""75°F or below"": 0.017, ""76-77°F"": 0.1055, ""78-79°F"": 0.335, ""80-81°F"": 0.395, ""82-83°F"": 0.145, ""84-85°F"": 0.035, ""86-87°F"": 0.0055, ""88-89°F"": 0.0005, ""90-91°F"": 0.0005, ""92-93°F"": 0.0005, ""94°F or higher"": 0.0005}",b3fb1495,-5.51,-0.8,0.8,,,-17.35,-42.05,-42.85,,,,,,ECMWF_BUCKET_MAPPING_AMBIGUOUS|GFS_BUCKET_MAPPING_AMBIGUOUS
2026-08-15 05:30:42,Miami,2026-08-15,32.4,32.8,,,"{""79°F or below"": 0.0005, ""80-81°F"": 0.0005, ""82-83°F"": 0.0005, ""84-85°F"": 0.0005, ""86-87°F"": 0.0045, ""88-89°F"": 0.001, ""90-91°F"": 0.07, ""92-93°F"": 0.68, ""94-95°F"": 0.27, ""96-97°F"": 0.0095, ""98°F or higher"": 0.0015}",b3fb1495,-5.51,-0.4,0.4,,,-17.96,-50.36,-50.76,,0.07,,,,ECMWF_BUCKET_MAPPING_AMBIGUOUS
2026-08-15 05:30:42,London,2026-08-15,27.5,27.2,28°C,0.325,"{""20°C or below"": 0.0005, ""21°C"": 0.0005, ""22°C"": 0.0005, ""23°C"": 0.0005, ""24°C"": 0.007, ""25°C"": 0.065, ""26°C"": 0.205, ""27°C"": 0.415, ""28°C"": 0.325, ""29°C"": 0.0195, ""30°C or higher"": 0.004}",b3fb1495,-5.51,0.3,0.3,,,27.01,-0.49,-0.19,0.325,0.415,,,,OK
2026-08-15 05:30:42,Paris,2026-08-15,34.3,34.6,34°C,0.635,"{""30°C or below"": 0.005, ""31°C"": 0.003, ""32°C"": 0.0205, ""33°C"": 0.185, ""34°C"": 0.635, ""35°C"": 0.15, ""36°C"": 0.0425, ""37°C"": 0.006, ""38°C"": 0.0005, ""39°C"": 0.0005, ""40°C or higher"": 0.0005}",b3fb1495,-5.51,-0.3,0.3,,,34.0,-0.3,-0.6,0.635,0.15,,,,OK
2026-08-15 05:30:42,Ankara,2026-08-15,27.7,28.3,28°C,0.02,"{""32°C"": 0.0005, ""33°C or higher"": 0.0005, ""23°C or below"": 0.0005, ""24°C"": 0.0005, ""25°C"": 0.07, ""26°C"": 0.505, ""27°C"": 0.435, ""28°C"": 0.02, ""29°C"": 0.0015, ""30°C"": 0.0005, ""31°C"": 0.0005}",b3fb1495,-5.51,-0.6,0.6,,,26.4,-1.3,-1.9,0.02,0.02,,,,OK
2026-08-15 05:30:42,Buenos Aires,2026-08-15,14.3,13.3,14°C,0.045,"{""12°C or below"": 0.0005, ""13°C"": 0.0005, ""14°C"": 0.045, ""15°C"": 0.145, ""16°C"": 0.645, ""17°C"": 0.11, ""18°C"": 0.025, ""19°C"": 0.006, ""20°C"": 0.002, ""21°C"": 0.0005, ""22°C or higher"": 0.0005}",b3fb1495,-5.51,1.0,1.0,,,15.95,1.65,2.65,0.045,0.0005,,,,OK
2026-08-15 05:51:36,Hong Kong,2026-08-15,30.5,31.5,30°C,0.08,"{""27°C or below"": 0.0005, ""28°C"": 0.0015, ""29°C"": 0.0015, ""30°C"": 0.08, ""31°C"": 0.705, ""32°C"": 0.215, ""33°C"": 0.03, ""34°C"": 0.0035, ""35°C"": 0.0005, ""36°C"": 0.0005, ""37°C or higher"": 0.0005}",70c272b1,-5.86,-1.0,1.0,,,31.2,0.7,-0.3,0.08,0.215,,,,OK
2026-08-15 05:51:36,Tokyo,2026-08-15,28.3,30.5,28°C,0.0005,"{""24°C or below"": 0.0005, ""25°C"": 0.0005, ""26°C"": 0.0005, ""27°C"": 0.0005, ""28°C"": 0.0005, ""29°C"": 0.9945, ""30°C"": 0.008, ""31°C"": 0.003, ""32°C"": 0.0005, ""33°C"": 0.0005, ""34°C or higher"": 0.0005}",70c272b1,-5.86,-2.2,2.2,,,29.01,0.71,-1.49,0.0005,0.008,,,,OK
2026-08-15 05:51:36,Shanghai,2026-08-15,29.5,30.9,30°C,0.0005,"{""25°C or below"": 0.0005, ""26°C"": 0.0005, ""27°C"": 0.0005, ""28°C"": 0.0005, ""29°C"": 0.0005, ""30°C"": 0.0005, ""31°C"": 0.985, ""32°C"": 0.015, ""33°C"": 0.0025, ""34°C"": 0.0005, ""35°C or higher"": 0.0005}",70c272b1,-5.86,-1.4,1.4,,,31.01,1.51,0.11,0.0005,0.985,,,,OK
2026-08-15 05:51:36,Qingdao,2026-08-15,30.9,30.3,31°C,0.905,"{""33°C"": 0.015, ""34°C"": 0.0065, ""35°C or higher"": 0.0005, ""32°C"": 0.09, ""25°C or below"": 0.0005, ""26°C"": 0.0005, ""27°C"": 0.0005, ""28°C"": 0.0005, ""29°C"": 0.0005, ""30°C"": 0.0005, ""31°C"": 0.905}",70c272b1,-5.86,0.6,0.6,,,31.13,0.23,0.83,0.905,0.0005,,,,OK
2026-08-15 05:51:36,Seoul,2026-08-15,28.2,25.2,28°C,0.955,"{""34°C or higher"": 0.0005, ""24°C or below"": 0.0005, ""25°C"": 0.0005, ""26°C"": 0.0005, ""27°C"": 0.0005, ""28°C"": 0.955, ""29°C"": 0.045, ""30°C"": 0.0035, ""31°C"": 0.0025, ""32°C"": 0.0005, ""33°C"": 0.0005}",70c272b1,-5.86,3.0,3.0,,,28.06,-0.14,2.86,0.955,0.0005,,,,OK
2026-08-15 05:51:36,Guangzhou,2026-08-15,31.4,35.3,31°C,0.0005,"{""29°C or below"": 0.0005, ""30°C"": 0.0005, ""31°C"": 0.0005, ""32°C"": 0.0005, ""33°C"": 0.05, ""34°C"": 0.3, ""35°C"": 0.6, ""36°C"": 0.08, ""37°C"": 0.025, ""38°C"": 0.0005, ""39°C or higher"": 0.0005}",70c272b1,-5.86,-3.9,3.9,,,34.74,3.34,-0.56,0.0005,0.6,,,,OK
2026-08-15 05:51:36,Shenzhen,2026-08-15,30.3,33.5,30°C,0.035,"{""33°C"": 0.155, ""31°C"": 0.325, ""32°C"": 0.445, ""36°C"": 0.0015, ""37°C or higher"": 0.0005, ""27°C or below"": 0.0005, ""35°C"": 0.0025, ""29°C"": 0.0035, ""28°C"": 0.0005, ""30°C"": 0.035, ""34°C"": 0.08}",70c272b1,-5.86,-3.2,3.2,,,31.92,1.62,-1.58,0.035,0.08,,,,OK
2026-08-15 05:51:36,New York,2026-08-15,28.7,29.4,,,"{""75°F or below"": 0.001, ""76-77°F"": 0.004, ""78-79°F"": 0.013, ""80-81°F"": 0.105, ""82-83°F"": 0.485, ""84-85°F"": 0.38, ""86-87°F"": 0.055, ""88-89°F"": 0.0115, ""90-91°F"": 0.0015, ""92-93°F"": 0.0005, ""94°F or higher"": 0.0005}",70c272b1,-5.86,-0.7,0.7,,,28.47,-0.23,-0.93,,0.38,,,,ECMWF_BUCKET_MAPPING_AMBIGUOUS
2026-08-15 05:51:36,Chicago,2026-08-15,24.7,25.5,76-77°F,0.084,"{""75°F or below"": 0.017, ""76-77°F"": 0.084, ""78-79°F"": 0.355, ""80-81°F"": 0.4, ""82-83°F"": 0.145, ""84-85°F"": 0.035, ""86-87°F"": 0.0055, ""88-89°F"": 0.0005, ""90-91°F"": 0.0005, ""92-93°F"": 0.0005, ""94°F or higher"": 0.0005}",70c272b1,-5.86,-0.8,0.8,,,26.59,1.89,1.09,0.084,,,,,GFS_BUCKET_MAPPING_AMBIGUOUS
2026-08-15 05:51:36,Miami,2026-08-15,32.4,32.8,90-91°F,0.075,"{""79°F or below"": 0.0005, ""80-81°F"": 0.0005, ""82-83°F"": 0.0005, ""84-85°F"": 0.0005, ""86-87°F"": 0.0045, ""88-89°F"": 0.001, ""90-91°F"": 0.075, ""92-93°F"": 0.665, ""94-95°F"": 0.27, ""96-97°F"": 0.0095, ""98°F or higher"": 0.0015}",70c272b1,-5.86,-0.4,0.4,,,33.82,1.42,1.02,0.075,0.075,,,,OK
2026-08-15 05:51:36,London,2026-08-15,27.5,28.1,28°C,0.32,"{""20°C or below"": 0.0005, ""21°C"": 0.0005, ""22°C"": 0.0005, ""23°C"": 0.0005, ""24°C"": 0.007, ""25°C"": 0.065, ""26°C"": 0.19, ""27°C"": 0.415, ""28°C"": 0.32, ""29°C"": 0.0195, ""30°C or higher"": 0.004}",70c272b1,-5.86,-0.6,0.6,,,27.02,-0.48,-1.08,0.32,0.32,,,,OK
2026-08-15 05:51:36,Paris,2026-08-15,34.3,34.9,34°C,0.635,"{""30°C or below"": 0.005, ""31°C"": 0.003, ""32°C"": 0.018, ""33°C"": 0.17, ""34°C"": 0.635, ""35°C"": 0.16, ""36°C"": 0.0415, ""37°C"": 0.006, ""38°C"": 0.0005, ""39°C"": 0.0005, ""40°C or higher"": 0.0005}",70c272b1,-5.86,-0.6,0.6,,,34.03,-0.27,-0.87,0.635,0.16,,,,OK
2026-08-15 05:51:36,Ankara,2026-08-15,27.7,28.2,28°C,0.02,"{""32°C"": 0.0005, ""33°C or higher"": 0.0005, ""23°C or below"": 0.0005, ""24°C"": 0.0005, ""25°C"": 0.075, ""26°C"": 0.515, ""27°C"": 0.41, ""28°C"": 0.02, ""29°C"": 0.0015, ""30°C"": 0.0005, ""31°C"": 0.0005}",70c272b1,-5.86,-0.5,0.5,,,26.38,-1.32,-1.82,0.02,0.02,,,,OK
2026-08-15 05:51:36,Buenos Aires,2026-08-15,14.3,13.2,14°C,0.03,"{""12°C or below"": 0.0005, ""13°C"": 0.0005, ""14°C"": 0.03, ""15°C"": 0.145, ""16°C"": 0.625, ""17°C"": 0.145, ""18°C"": 0.025, ""19°C"": 0.0055, ""20°C"": 0.0005, ""21°C"": 0.0005, ""22°C or higher"": 0.0005}",70c272b1,-5.86,1.1,1.1,,,16.01,1.71,2.81,0.03,0.0005,,,,OK
2026-08-15 06:05:16,Hong Kong,2026-08-15,30.5,31.5,30°C,0.0015,"{""27°C or below"": 0.0005, ""28°C"": 0.0015, ""29°C"": 0.0015, ""30°C"": 0.0015, ""31°C"": 0.37, ""32°C"": 0.685, ""33°C"": 0.0315, ""34°C"": 0.0095, ""35°C"": 0.0005, ""36°C"": 0.0005, ""37°C or higher"": 0.0005}",bf5378f2,-6.09,-1.0,1.0,,,31.7,1.2,0.2,0.0015,0.685,,,,OK
2026-08-15 06:05:16,Tokyo,2026-08-15,28.3,30.5,28°C,0.0005,"{""24°C or below"": 0.0005, ""25°C"": 0.0005, ""26°C"": 0.0005, ""27°C"": 0.0005, ""28°C"": 0.0005, ""29°C"": 0.995, ""30°C"": 0.0055, ""31°C"": 0.0015, ""32°C"": 0.0005, ""33°C"": 0.0005, ""34°C or higher"": 0.0005}",bf5378f2,-6.09,-2.2,2.2,,,29.01,0.71,-1.49,0.0005,0.0055,,,,OK
2026-08-15 06:05:16,Shanghai,2026-08-15,29.5,30.9,30°C,0.0005,"{""25°C or below"": 0.0005, ""26°C"": 0.0005, ""27°C"": 0.0005, ""28°C"": 0.0005, ""29°C"": 0.0005, ""30°C"": 0.0005, ""31°C"": 0.985, ""32°C"": 0.015, ""33°C"": 0.0025, ""34°C"": 0.0005, ""35°C or higher"": 0.0005}",bf5378f2,-6.09,-1.4,1.4,,,31.01,1.51,0.11,0.0005,0.985,,,,OK
2026-08-15 06:05:16,Qingdao,2026-08-15,30.9,30.3,31°C,0.835,"{""33°C"": 0.011, ""34°C"": 0.006, ""35°C or higher"": 0.0005, ""32°C"": 0.165, ""25°C or below"": 0.0005, ""26°C"": 0.0005, ""27°C"": 0.0005, ""28°C"": 0.0005, ""29°C"": 0.0005, ""30°C"": 0.0005, ""31°C"": 0.835}",bf5378f2,-6.09,0.6,0.6,,,31.19,0.29,0.89,0.835,0.0005,,,,OK
2026-08-15 06:05:16,Seoul,2026-08-15,28.2,25.2,28°C,0.94,"{""34°C or higher"": 0.0005, ""24°C or below"": 0.0005, ""25°C"": 0.0005, ""26°C"": 0.0005, ""27°C"": 0.0005, ""28°C"": 0.94, ""29°C"": 0.06, ""30°C"": 0.003, ""31°C"": 0.002, ""32°C"": 0.0005, ""33°C"": 0.0005}",bf5378f2,-6.09,3.0,3.0,,,28.07,-0.13,2.87,0.94,0.0005,,,,OK
2026-08-15 06:05:16,Guangzhou,2026-08-15,31.4,35.3,31°C,0.0005,"{""29°C or below"": 0.0005, ""30°C"": 0.0005, ""31°C"": 0.0005, ""32°C"": 0.0005, ""33°C"": 0.115, ""34°C"": 0.32, ""35°C"": 0.51, ""36°C"": 0.07, ""37°C"": 0.015, ""38°C"": 0.0005, ""39°C or higher"": 0.0005}",bf5378f2,-6.09,-3.9,3.9,,,34.56,3.16,-0.74,0.0005,0.51,,,,OK
2026-08-15 06:05:16,Shenzhen,2026-08-15,30.3,33.5,30°C,0.005,"{""33°C"": 0.17, ""31°C"": 0.335, ""32°C"": 0.48, ""36°C"": 0.0015, ""37°C or higher"": 0.0005, ""27°C or below"": 0.0005, ""35°C"": 0.0025, ""29°C"": 0.003, ""28°C"": 0.0005, ""30°C"": 0.005, ""34°C"": 0.07}",bf5378f2,-6.09,-3.2,3.2,,,31.97,1.67,-1.53,0.005,0.07,,,,OK
2026-08-15 06:05:16,New York,2026-08-15,28.7,29.4,84-85°F,0.38,"{""75°F or below"": 0.0005, ""76-77°F"": 0.0045, ""78-79°F"": 0.013, ""80-81°F"": 0.105, ""82-83°F"": 0.485, ""84-85°F"": 0.38, ""86-87°F"": 0.055, ""88-89°F"": 0.0105, ""90-91°F"": 0.0015, ""92-93°F"": 0.0005, ""94°F or higher"": 0.0005}",bf5378f2,-6.09,-0.7,0.7,,,28.46,-0.24,-0.94,0.38,0.38,,,,OK
2026-08-15 06:05:16,Chicago,2026-08-15,24.7,25.5,76-77°F,0.061,"{""75°F or below"": 0.017, ""76-77°F"": 0.061, ""78-79°F"": 0.34, ""80-81°F"": 0.44, ""82-83°F"": 0.145, ""84-85°F"": 0.025, ""86-87°F"": 0.0055, ""88-89°F"": 0.0005, ""90-91°F"": 0.0005, ""92-93°F"": 0.0005, ""94°F or higher"": 0.0005}",bf5378f2,-6.09,-0.8,0.8,,,26.63,1.93,1.13,0.061,0.34,,,,OK
2026-08-15 06:05:16,Miami,2026-08-15,32.4,32.8,90-91°F,0.09,"{""79°F or below"": 0.0005, ""80-81°F"": 0.0005, ""82-83°F"": 0.0005, ""84-85°F"": 0.0005, ""86-87°F"": 0.0045, ""88-89°F"": 0.001, ""90-91°F"": 0.09, ""92-93°F"": 0.66, ""94-95°F"": 0.275, ""96-97°F"": 0.01, ""98°F or higher"": 0.0015}",bf5378f2,-6.09,-0.4,0.4,,,33.81,1.41,1.01,0.09,0.09,,,,OK
2026-08-15 06:05:16,London,2026-08-15,27.5,28.1,28°C,0.315,"{""20°C or below"": 0.0005, ""21°C"": 0.0005, ""22°C"": 0.0005, ""23°C"": 0.0005, ""24°C"": 0.006, ""25°C"": 0.075, ""26°C"": 0.2, ""27°C"": 0.43, ""28°C"": 0.315, ""29°C"": 0.0195, ""30°C or higher"": 0.004}",bf5378f2,-6.09,-0.6,0.6,,,26.99,-0.51,-1.11,0.315,0.315,,,,OK
2026-08-15 06:05:16,Paris,2026-08-15,34.3,34.9,34°C,0.635,"{""30°C or below"": 0.005, ""31°C"": 0.003, ""32°C"": 0.025, ""33°C"": 0.145, ""34°C"": 0.635, ""35°C"": 0.165, ""36°C"": 0.0495, ""37°C"": 0.006, ""38°C"": 0.0005, ""39°C"": 0.0005, ""40°C or higher"": 0.0005}",bf5378f2,-6.09,-0.6,0.6,,,34.06,-0.24,-0.84,0.635,0.165,,,,OK
2026-08-15 06:05:16,Ankara,2026-08-15,27.7,28.2,28°C,0.02,"{""32°C"": 0.0005, ""33°C or higher"": 0.0005, ""23°C or below"": 0.0005, ""24°C"": 0.0005, ""25°C"": 0.085, ""26°C"": 0.53, ""27°C"": 0.39, ""28°C"": 0.02, ""29°C"": 0.001, ""30°C"": 0.0005, ""31°C"": 0.0005}",bf5378f2,-6.09,-0.5,0.5,,,26.35,-1.35,-1.85,0.02,0.02,,,,OK
2026-08-15 06:05:16,Buenos Aires,2026-08-15,14.3,13.2,14°C,0.03,"{""12°C or below"": 0.0005, ""13°C"": 0.0005, ""14°C"": 0.03, ""15°C"": 0.145, ""16°C"": 0.625, ""17°C"": 0.145, ""18°C"": 0.025, ""19°C"": 0.005, ""20°C"": 0.0005, ""21°C"": 0.0005, ""22°C or higher"": 0.0005}",bf5378f2,-6.09,1.1,1.1,,,16.01,1.71,2.81,0.03,0.0005,,,,OK
2026-08-15 06:18:13,Hong Kong,2026-08-15,30.5,31.5,30°C,0.0015,"{""27°C or below"": 0.0005, ""28°C"": 0.0015, ""29°C"": 0.0015, ""30°C"": 0.0015, ""31°C"": 0.275, ""32°C"": 0.625, ""33°C"": 0.0715, ""34°C"": 0.0065, ""35°C"": 0.0005, ""36°C"": 0.0005, ""37°C or higher"": 0.0005}",f01c2324,-6.3,-1.0,1.0,,,31.8,1.3,0.3,0.0015,0.625,,,,OK
2026-08-15 06:18:13,Tokyo,2026-08-15,28.3,30.5,28°C,0.0005,"{""24°C or below"": 0.0005, ""25°C"": 0.0005, ""26°C"": 0.0005, ""27°C"": 0.0005, ""28°C"": 0.0005, ""29°C"": 0.995, ""30°C"": 0.0035, ""31°C"": 0.0025, ""32°C"": 0.0005, ""33°C"": 0.0005, ""34°C or higher"": 0.0005}",f01c2324,-6.3,-2.2,2.2,,,29.01,0.71,-1.49,0.0005,0.0035,,,,OK
2026-08-15 06:18:13,Shanghai,2026-08-15,29.5,30.9,30°C,0.0005,"{""25°C or below"": 0.0005, ""26°C"": 0.0005, ""27°C"": 0.0005, ""28°C"": 0.0005, ""29°C"": 0.0005, ""30°C"": 0.0005, ""31°C"": 0.9805, ""32°C"": 0.018, ""33°C"": 0.0005, ""34°C"": 0.0005, ""35°C or higher"": 0.0005}",f01c2324,-6.3,-1.4,1.4,,,31.01,1.51,0.11,0.0005,0.9805,,,,OK
2026-08-15 06:18:13,Qingdao,2026-08-15,30.9,30.3,31°C,0.565,"{""33°C"": 0.015, ""34°C"": 0.0015, ""35°C or higher"": 0.0005, ""32°C"": 0.435, ""25°C or below"": 0.0005, ""26°C"": 0.0005, ""27°C"": 0.0005, ""28°C"": 0.0005, ""29°C"": 0.0005, ""30°C"": 0.0005, ""31°C"": 0.565}",f01c2324,-6.3,0.6,0.6,,,31.45,0.55,1.15,0.565,0.0005,,,,OK
2026-08-15 06:18:13,Seoul,2026-08-15,28.2,25.2,28°C,0.975,"{""34°C or higher"": 0.0005, ""24°C or below"": 0.0005, ""25°C"": 0.0005, ""26°C"": 0.0005, ""27°C"": 0.0005, ""28°C"": 0.975, ""29°C"": 0.03, ""30°C"": 0.005, ""31°C"": 0.0005, ""32°C"": 0.0005, ""33°C"": 0.0005}",f01c2324,-6.3,3.0,3.0,,,28.04,-0.16,2.84,0.975,0.0005,,,,OK
2026-08-15 06:18:13,Guangzhou,2026-08-15,31.4,35.3,31°C,0.0005,"{""29°C or below"": 0.0005, ""30°C"": 0.0005, ""31°C"": 0.0005, ""32°C"": 0.0005, ""33°C"": 0.0005, ""34°C"": 0.31, ""35°C"": 0.62, ""36°C"": 0.08, ""37°C"": 0.015, ""38°C"": 0.0005, ""39°C or higher"": 0.0005}",f01c2324,-6.3,-3.9,3.9,,,34.8,3.4,-0.5,0.0005,0.62,,,,OK
2026-08-15 06:18:13,Shenzhen,2026-08-15,30.3,33.5,30°C,0.0035,"{""33°C"": 0.205, ""31°C"": 0.23, ""32°C"": 0.505, ""36°C"": 0.0015, ""37°C or higher"": 0.0005, ""27°C or below"": 0.0005, ""35°C"": 0.0005, ""29°C"": 0.0025, ""28°C"": 0.0005, ""30°C"": 0.0035, ""34°C"": 0.07}",f01c2324,-6.3,-3.2,3.2,,,32.1,1.8,-1.4,0.0035,0.07,,,,OK
2026-08-15 06:18:13,New York,2026-08-15,28.7,29.4,84-85°F,0.38,"{""75°F or below"": 0.0005, ""76-77°F"": 0.0045, ""78-79°F"": 0.013, ""80-81°F"": 0.105, ""82-83°F"": 0.485, ""84-85°F"": 0.38, ""86-87°F"": 0.055, ""88-89°F"": 0.0105, ""90-91°F"": 0.0015, ""92-93°F"": 0.0005, ""94°F or higher"": 0.0005}",f01c2324,-6.3,-0.7,0.7,,,28.46,-0.24,-0.94,0.38,0.38,,,,OK
2026-08-15 06:18:13,Chicago,2026-08-15,24.7,25.5,76-77°F,0.074,"{""75°F or below"": 0.017, ""76-77°F"": 0.074, ""78-79°F"": 0.345, ""80-81°F"": 0.435, ""82-83°F"": 0.145, ""84-85°F"": 0.025, ""86-87°F"": 0.0055, ""88-89°F"": 0.0005, ""90-91°F"": 0.0005, ""92-93°F"": 0.0005, ""94°F or higher"": 0.0005}",f01c2324,-6.3,-0.8,0.8,,,26.61,1.91,1.11,0.074,0.345,,,,OK
2026-08-15 06:18:13,Miami,2026-08-15,32.4,32.8,90-91°F,0.085,"{""79°F or below"": 0.0005, ""80-81°F"": 0.0005, ""82-83°F"": 0.0005, ""84-85°F"": 0.0005, ""86-87°F"": 0.0045, ""88-89°F"": 0.001, ""90-91°F"": 0.085, ""92-93°F"": 0.645, ""94-95°F"": 0.295, ""96-97°F"": 0.0075, ""98°F or higher"": 0.0015}",f01c2324,-6.3,-0.4,0.4,,,33.83,1.43,1.03,0.085,0.085,,,,OK
2026-08-15 06:18:13,London,2026-08-15,27.5,28.1,28°C,0.285,"{""20°C or below"": 0.0005, ""21°C"": 0.0005, ""22°C"": 0.0005, ""23°C"": 0.0005, ""24°C"": 0.0035, ""25°C"": 0.07, ""26°C"": 0.2, ""27°C"": 0.44, ""28°C"": 0.285, ""29°C"": 0.0195, ""30°C or higher"": 0.004}",f01c2324,-6.3,-0.6,0.6,,,26.98,-0.52,-1.12,0.285,0.285,,,,OK
2026-08-15 06:18:13,Paris,2026-08-15,34.3,34.9,34°C,0.635,"{""30°C or below"": 0.005, ""31°C"": 0.003, ""32°C"": 0.019, ""33°C"": 0.17, ""34°C"": 0.635, ""35°C"": 0.16, ""36°C"": 0.0495, ""37°C"": 0.006, ""38°C"": 0.0005, ""39°C"": 0.0005, ""40°C or higher"": 0.0005}",f01c2324,-6.3,-0.6,0.6,,,34.04,-0.26,-0.86,0.635,0.16,,,,OK
2026-08-15 06:18:13,Ankara,2026-08-15,27.7,28.2,28°C,0.02,"{""32°C"": 0.0005, ""33°C or higher"": 0.0005, ""23°C or below"": 0.0005, ""24°C"": 0.0005, ""25°C"": 0.085, ""26°C"": 0.505, ""27°C"": 0.39, ""28°C"": 0.02, ""29°C"": 0.001, ""30°C"": 0.0005, ""31°C"": 0.0005}",f01c2324,-6.3,-0.5,0.5,,,26.36,-1.34,-1.84,0.02,0.02,,,,OK
2026-08-15 06:18:13,Buenos Aires,2026-08-15,14.3,13.2,14°C,0.03,"{""12°C or below"": 0.0005, ""13°C"": 0.0005, ""14°C"": 0.03, ""15°C"": 0.155, ""16°C"": 0.615, ""17°C"": 0.145, ""18°C"": 0.025, ""19°C"": 0.0045, ""20°C"": 0.0005, ""21°C"": 0.0005, ""22°C or higher"": 0.0005}",f01c2324,-6.3,1.1,1.1,,,16.0,1.7,2.8,0.03,0.0005,,,,OK
2026-08-15 06:31:43,Hong Kong,2026-08-15,30.5,31.5,30°C,0.001,"{""27°C or below"": 0.0005, ""28°C"": 0.0015, ""29°C"": 0.0015, ""30°C"": 0.001, ""31°C"": 0.605, ""32°C"": 0.37, ""33°C"": 0.046, ""34°C"": 0.008, ""35°C"": 0.0005, ""36°C"": 0.0005, ""37°C or higher"": 0.0005}",ce57951a,-6.53,-1.0,1.0,,,31.47,0.97,-0.03,0.001,0.37,-0.6,-0.8,,OK
2026-08-15 06:31:43,Tokyo,2026-08-15,28.3,30.5,28°C,0.0005,"{""24°C or below"": 0.0005, ""25°C"": 0.0005, ""26°C"": 0.0005, ""27°C"": 0.0005, ""28°C"": 0.0005, ""29°C"": 0.9945, ""30°C"": 0.0085, ""31°C"": 0.0025, ""32°C"": 0.0005, ""33°C"": 0.0005, ""34°C or higher"": 0.0005}",ce57951a,-6.53,-2.2,2.2,,,29.01,0.71,-1.49,0.0005,0.0085,1.8,0.3,,OK
2026-08-15 06:31:43,Shanghai,2026-08-15,29.5,30.9,30°C,0.0005,"{""25°C or below"": 0.0005, ""26°C"": 0.0005, ""27°C"": 0.0005, ""28°C"": 0.0005, ""29°C"": 0.0005, ""30°C"": 0.0005, ""31°C"": 0.9815, ""32°C"": 0.0175, ""33°C"": 0.0005, ""34°C"": 0.0005, ""35°C or higher"": 0.0005}",ce57951a,-6.53,-1.4,1.4,,,31.01,1.51,0.11,0.0005,0.9815,0.1,2.1,,OK
2026-08-15 06:31:43,Qingdao,2026-08-15,30.9,30.3,31°C,0.715,"{""33°C"": 0.016, ""34°C"": 0.0015, ""35°C or higher"": 0.0005, ""32°C"": 0.28, ""25°C or below"": 0.0005, ""26°C"": 0.0005, ""27°C"": 0.0005, ""28°C"": 0.0005, ""29°C"": 0.0005, ""30°C"": 0.0005, ""31°C"": 0.715}",ce57951a,-6.53,0.6,0.6,,,31.3,0.4,1.0,0.715,0.0005,-1.1,-1.2,,OK
2026-08-15 06:31:43,Seoul,2026-08-15,28.2,25.2,28°C,0.985,"{""34°C or higher"": 0.0005, ""24°C or below"": 0.0005, ""25°C"": 0.0005, ""26°C"": 0.0005, ""27°C"": 0.0005, ""28°C"": 0.985, ""29°C"": 0.025, ""30°C"": 0.002, ""31°C"": 0.0005, ""32°C"": 0.0005, ""33°C"": 0.0005}",ce57951a,-6.53,3.0,3.0,,,28.03,-0.17,2.83,0.985,0.0005,-0.1,-2.6,,OK
2026-08-15 06:31:43,Guangzhou,2026-08-15,31.4,35.3,31°C,0.0005,"{""29°C or below"": 0.0005, ""30°C"": 0.0005, ""31°C"": 0.0005, ""32°C"": 0.0005, ""33°C"": 0.0005, ""34°C"": 0.205, ""35°C"": 0.545, ""36°C"": 0.26, ""37°C"": 0.015, ""38°C"": 0.0005, ""39°C or higher"": 0.0005}",ce57951a,-6.53,-3.9,3.9,,,35.08,3.68,-0.22,0.0005,0.545,-1.6,-1.4,,OK
2026-08-15 06:31:43,Shenzhen,2026-08-15,30.3,33.5,30°C,0.0005,"{""33°C"": 0.23, ""31°C"": 0.05, ""32°C"": 0.565, ""36°C"": 0.0015, ""37°C or higher"": 0.0005, ""27°C or below"": 0.0005, ""35°C"": 0.02, ""29°C"": 0.0005, ""28°C"": 0.0005, ""30°C"": 0.0005, ""34°C"": 0.11}",ce57951a,-6.53,-3.2,3.2,,,32.47,2.17,-1.03,0.0005,0.11,-0.8,-0.8,,OK
2026-08-15 06:31:43,New York,2026-08-15,28.7,29.4,84-85°F,0.37,"{""75°F or below"": 0.0005, ""76-77°F"": 0.0045, ""78-79°F"": 0.013, ""80-81°F"": 0.105, ""82-83°F"": 0.485, ""84-85°F"": 0.37, ""86-87°F"": 0.06, ""88-89°F"": 0.0105, ""90-91°F"": 0.0015, ""92-93°F"": 0.0005, ""94°F or higher"": 0.0005}",ce57951a,-6.53,-0.7,0.7,,,28.47,-0.23,-0.93,0.37,0.37,,,,OK
2026-08-15 06:31:43,Chicago,2026-08-15,24.7,25.5,76-77°F,0.0745,"{""75°F or below"": 0.017, ""76-77°F"": 0.0745, ""78-79°F"": 0.39, ""80-81°F"": 0.385, ""82-83°F"": 0.145, ""84-85°F"": 0.025, ""86-87°F"": 0.0055, ""88-89°F"": 0.0005, ""90-91°F"": 0.0005, ""92-93°F"": 0.0005, ""94°F or higher"": 0.0005}",ce57951a,-6.53,-0.8,0.8,,,26.56,1.86,1.06,0.0745,0.39,,,,OK
2026-08-15 06:31:43,Miami,2026-08-15,32.4,32.8,90-91°F,0.08,"{""79°F or below"": 0.0005, ""80-81°F"": 0.0005, ""82-83°F"": 0.0005, ""84-85°F"": 0.0005, ""86-87°F"": 0.0045, ""88-89°F"": 0.001, ""90-91°F"": 0.08, ""92-93°F"": 0.645, ""94-95°F"": 0.295, ""96-97°F"": 0.0075, ""98°F or higher"": 0.0015}",ce57951a,-6.53,-0.4,0.4,,,33.83,1.43,1.03,0.08,0.08,,,,OK
2026-08-15 06:31:43,London,2026-08-15,27.5,28.1,28°C,0.295,"{""20°C or below"": 0.0005, ""21°C"": 0.0005, ""22°C"": 0.0005, ""23°C"": 0.0005, ""24°C"": 0.0045, ""25°C"": 0.07, ""26°C"": 0.2, ""27°C"": 0.44, ""28°C"": 0.295, ""29°C"": 0.0195, ""30°C or higher"": 0.004}",ce57951a,-6.53,-0.6,0.6,,,26.98,-0.52,-1.12,0.295,0.295,,,,OK
2026-08-15 06:31:43,Paris,2026-08-15,34.3,34.9,34°C,0.425,"{""30°C or below"": 0.0055, ""31°C"": 0.036, ""32°C"": 0.0575, ""33°C"": 0.33, ""34°C"": 0.425, ""35°C"": 0.16, ""36°C"": 0.0445, ""37°C"": 0.0055, ""38°C"": 0.0005, ""39°C"": 0.0005, ""40°C or higher"": 0.0005}",ce57951a,-6.53,-0.6,0.6,,,33.71,-0.59,-1.19,0.425,0.16,,,,OK
2026-08-15 06:31:43,Ankara,2026-08-15,27.7,28.2,28°C,0.02,"{""32°C"": 0.0005, ""33°C or higher"": 0.0005, ""23°C or below"": 0.0005, ""24°C"": 0.0015, ""25°C"": 0.085, ""26°C"": 0.515, ""27°C"": 0.375, ""28°C"": 0.02, ""29°C"": 0.001, ""30°C"": 0.0005, ""31°C"": 0.0005}",ce57951a,-6.53,-0.5,0.5,,,26.34,-1.36,-1.86,0.02,0.02,,,,OK
2026-08-15 06:31:43,Buenos Aires,2026-08-15,14.3,13.2,14°C,0.035,"{""12°C or below"": 0.0005, ""13°C"": 0.0005, ""14°C"": 0.035, ""15°C"": 0.165, ""16°C"": 0.635, ""17°C"": 0.145, ""18°C"": 0.025, ""19°C"": 0.0045, ""20°C"": 0.0005, ""21°C"": 0.0005, ""22°C or higher"": 0.0005}",ce57951a,-6.53,1.1,1.1,,,15.98,1.68,2.78,0.035,0.0005,,,,OK
2026-08-15 06:46:14,Hong Kong,2026-08-15,30.5,31.5,30°C,0.0005,"{""27°C or below"": 0.0005, ""28°C"": 0.0005, ""29°C"": 0.0005, ""30°C"": 0.0005, ""31°C"": 0.635, ""32°C"": 0.33, ""33°C"": 0.0145, ""34°C"": 0.006, ""35°C"": 0.0005, ""36°C"": 0.0005, ""37°C or higher"": 0.0005}",b5fd892d,-6.77,-1.0,1.0,,,31.38,0.88,-0.12,0.0005,0.33,-0.6,-0.8,,OK
2026-08-15 06:46:14,Tokyo,2026-08-15,28.3,30.5,28°C,0.0005,"{""24°C or below"": 0.0005, ""25°C"": 0.0005, ""26°C"": 0.0005, ""27°C"": 0.0005, ""28°C"": 0.0005, ""29°C"": 0.9945, ""30°C"": 0.006, ""31°C"": 0.0025, ""32°C"": 0.0005, ""33°C"": 0.0005, ""34°C or higher"": 0.0005}",b5fd892d,-6.77,-2.2,2.2,,,29.01,0.71,-1.49,0.0005,0.006,1.8,0.3,,OK
2026-08-15 06:46:14,Shanghai,2026-08-15,29.5,30.9,30°C,0.0005,"{""25°C or below"": 0.0005, ""26°C"": 0.0005, ""27°C"": 0.0005, ""28°C"": 0.0005, ""29°C"": 0.0005, ""30°C"": 0.0005, ""31°C"": 0.9935, ""32°C"": 0.0065, ""33°C"": 0.0005, ""34°C"": 0.0005, ""35°C or higher"": 0.0005}",b5fd892d,-6.77,-1.4,1.4,,,31.0,1.5,0.1,0.0005,0.9935,0.1,2.1,,OK
2026-08-15 06:46:14,Qingdao,2026-08-15,30.9,30.3,31°C,0.82,"{""33°C"": 0.0155, ""34°C"": 0.0015, ""35°C or higher"": 0.0005, ""32°C"": 0.19, ""25°C or below"": 0.0005, ""26°C"": 0.0005, ""27°C"": 0.0005, ""28°C"": 0.0005, ""29°C"": 0.0005, ""30°C"": 0.0005, ""31°C"": 0.82}",b5fd892d,-6.77,0.6,0.6,,,31.21,0.31,0.91,0.82,0.0005,-1.1,-1.2,,OK
2026-08-15 06:46:14,Seoul,2026-08-15,28.2,25.2,28°C,0.975,"{""34°C or higher"": 0.0005, ""24°C or below"": 0.0005, ""25°C"": 0.0005, ""26°C"": 0.0005, ""27°C"": 0.0005, ""28°C"": 0.975, ""29°C"": 0.015, ""30°C"": 0.004, ""31°C"": 0.0005, ""32°C"": 0.0005, ""33°C"": 0.0005}",b5fd892d,-6.77,3.0,3.0,,,28.03,-0.17,2.83,0.975,0.0005,-0.1,-2.6,,OK
2026-08-15 06:46:14,Guangzhou,2026-08-15,31.4,35.3,31°C,0.0005,"{""29°C or below"": 0.0005, ""30°C"": 0.0005, ""31°C"": 0.0005, ""32°C"": 0.0005, ""33°C"": 0.0005, ""34°C"": 0.205, ""35°C"": 0.56, ""36°C"": 0.25, ""37°C"": 0.015, ""38°C"": 0.0005, ""39°C or higher"": 0.0005}",b5fd892d,-6.77,-3.9,3.9,,,35.07,3.67,-0.23,0.0005,0.56,-1.6,-1.4,,OK
2026-08-15 06:46:14,Shenzhen,2026-08-15,30.3,33.5,30°C,0.0005,"{""33°C"": 0.285, ""31°C"": 0.07, ""32°C"": 0.61, ""36°C"": 0.0005, ""37°C or higher"": 0.0005, ""27°C or below"": 0.0005, ""35°C"": 0.02, ""29°C"": 0.0005, ""28°C"": 0.0005, ""30°C"": 0.0005, ""34°C"": 0.085}",b5fd892d,-6.77,-3.2,3.2,,,32.41,2.11,-1.09,0.0005,0.085,-0.8,-0.8,,OK
2026-08-15 06:46:14,New York,2026-08-15,28.7,29.4,84-85°F,0.345,"{""75°F or below"": 0.0005, ""76-77°F"": 0.0045, ""78-79°F"": 0.013, ""80-81°F"": 0.09, ""82-83°F"": 0.515, ""84-85°F"": 0.345, ""86-87°F"": 0.06, ""88-89°F"": 0.01, ""90-91°F"": 0.0015, ""92-93°F"": 0.0005, ""94°F or higher"": 0.0005}",b5fd892d,-6.77,-0.7,0.7,,,28.46,-0.24,-0.94,0.345,0.345,,,,OK
2026-08-15 06:46:14,Chicago,2026-08-15,24.7,25.5,76-77°F,0.064,"{""75°F or below"": 0.017, ""76-77°F"": 0.064, ""78-79°F"": 0.395, ""80-81°F"": 0.35, ""82-83°F"": 0.145, ""84-85°F"": 0.025, ""86-87°F"": 0.0055, ""88-89°F"": 0.0005, ""90-91°F"": 0.0005, ""92-93°F"": 0.0005, ""94°F or higher"": 0.0005}",b5fd892d,-6.77,-0.8,0.8,,,26.56,1.86,1.06,0.064,0.395,,,,OK
2026-08-15 06:46:14,Miami,2026-08-15,32.4,32.8,90-91°F,0.07,"{""79°F or below"": 0.0005, ""80-81°F"": 0.0005, ""82-83°F"": 0.0005, ""84-85°F"": 0.0005, ""86-87°F"": 0.0045, ""88-89°F"": 0.001, ""90-91°F"": 0.07, ""92-93°F"": 0.645, ""94-95°F"": 0.305, ""96-97°F"": 0.01, ""98°F or higher"": 0.0015}",b5fd892d,-6.77,-0.4,0.4,,,33.86,1.46,1.06,0.07,0.07,,,,OK
2026-08-15 06:46:14,London,2026-08-15,27.5,28.1,28°C,0.26,"{""20°C or below"": 0.0005, ""21°C"": 0.0005, ""22°C"": 0.0005, ""23°C"": 0.0005, ""24°C"": 0.0035, ""25°C"": 0.07, ""26°C"": 0.205, ""27°C"": 0.44, ""28°C"": 0.26, ""29°C"": 0.0195, ""30°C or higher"": 0.004}",b5fd892d,-6.77,-0.6,0.6,,,26.95,-0.55,-1.15,0.26,0.26,,,,OK
2026-08-15 06:46:14,Paris,2026-08-15,34.3,34.9,34°C,0.435,"{""30°C or below"": 0.0055, ""31°C"": 0.0115, ""32°C"": 0.054, ""33°C"": 0.39, ""34°C"": 0.435, ""35°C"": 0.125, ""36°C"": 0.0365, ""37°C"": 0.0055, ""38°C"": 0.0005, ""39°C"": 0.0005, ""40°C or higher"": 0.0005}",b5fd892d,-6.77,-0.6,0.6,,,33.69,-0.61,-1.21,0.435,0.125,,,,OK
2026-08-15 06:46:14,Ankara,2026-08-15,27.7,28.2,28°C,0.03,"{""32°C"": 0.0005, ""33°C or higher"": 0.0005, ""23°C or below"": 0.0005, ""24°C"": 0.0015, ""25°C"": 0.085, ""26°C"": 0.535, ""27°C"": 0.375, ""28°C"": 0.03, ""29°C"": 0.0005, ""30°C"": 0.0005, ""31°C"": 0.0005}",b5fd892d,-6.77,-0.5,0.5,,,26.35,-1.35,-1.85,0.03,0.03,,,,OK
2026-08-15 06:46:14,Buenos Aires,2026-08-15,14.3,13.2,14°C,0.03,"{""12°C or below"": 0.0005, ""13°C"": 0.0005, ""14°C"": 0.03, ""15°C"": 0.165, ""16°C"": 0.635, ""17°C"": 0.145, ""18°C"": 0.025, ""19°C"": 0.0045, ""20°C"": 0.0005, ""21°C"": 0.0005, ""22°C or higher"": 0.0005}",b5fd892d,-6.77,1.1,1.1,,,15.99,1.69,2.79,0.03,0.0005,,,,OK
2026-08-15 07:21:27,Hong Kong,2026-08-15,30.5,31.5,30°C,0.0005,"{""27°C or below"": 0.0005, ""28°C"": 0.0005, ""29°C"": 0.0005, ""30°C"": 0.0005, ""31°C"": 0.955, ""32°C"": 0.045, ""33°C"": 0.0065, ""34°C"": 0.0025, ""35°C"": 0.0005, ""36°C"": 0.0005, ""37°C or higher"": 0.0005}",4da700e6,-7.36,-1.0,1.0,,,31.07,0.57,-0.43,0.0005,0.045,-0.6,-0.8,,OK
2026-08-15 07:21:27,Tokyo,2026-08-15,28.3,30.5,28°C,0.0005,"{""24°C or below"": 0.0005, ""25°C"": 0.0005, ""26°C"": 0.0005, ""27°C"": 0.0005, ""28°C"": 0.0005, ""29°C"": 0.996, ""30°C"": 0.004, ""31°C"": 0.0025, ""32°C"": 0.0005, ""33°C"": 0.0005, ""34°C or higher"": 0.0005}",4da700e6,-7.36,-2.2,2.2,,,29.01,0.71,-1.49,0.0005,0.004,1.8,0.3,,OK
2026-08-15 07:21:27,Shanghai,2026-08-15,29.5,30.9,30°C,0.0005,"{""25°C or below"": 0.0005, ""26°C"": 0.0005, ""27°C"": 0.0005, ""28°C"": 0.0005, ""29°C"": 0.0005, ""30°C"": 0.0005, ""31°C"": 0.9965, ""32°C"": 0.0035, ""33°C"": 0.0005, ""34°C"": 0.0005, ""35°C or higher"": 0.0005}",4da700e6,-7.36,-1.4,1.4,,,31.0,1.5,0.1,0.0005,0.9965,0.1,2.1,,OK
2026-08-15 07:21:27,Qingdao,2026-08-15,30.9,30.3,31°C,0.98,"{""33°C"": 0.0055, ""34°C"": 0.0005, ""35°C or higher"": 0.0005, ""32°C"": 0.015, ""25°C or below"": 0.0005, ""26°C"": 0.0005, ""27°C"": 0.0005, ""28°C"": 0.0005, ""29°C"": 0.0005, ""30°C"": 0.0005, ""31°C"": 0.98}",4da700e6,-7.36,0.6,0.6,,,31.02,0.12,0.72,0.98,0.0005,-1.1,-1.2,,OK
2026-08-15 07:21:27,Seoul,2026-08-15,28.2,25.2,28°C,0.995,"{""34°C or higher"": 0.0005, ""24°C or below"": 0.0005, ""25°C"": 0.0005, ""26°C"": 0.0005, ""27°C"": 0.0005, ""28°C"": 0.995, ""29°C"": 0.005, ""30°C"": 0.004, ""31°C"": 0.0005, ""32°C"": 0.0005, ""33°C"": 0.0005}",4da700e6,-7.36,3.0,3.0,,,28.02,-0.18,2.82,0.995,0.0005,-0.1,-2.6,,OK
2026-08-15 07:21:27,Guangzhou,2026-08-15,31.4,35.3,31°C,0.0005,"{""29°C or below"": 0.0005, ""30°C"": 0.0005, ""31°C"": 0.0005, ""32°C"": 0.0005, ""33°C"": 0.0005, ""34°C"": 0.0005, ""35°C"": 0.885, ""36°C"": 0.115, ""37°C"": 0.0055, ""38°C"": 0.0005, ""39°C or higher"": 0.0005}",4da700e6,-7.36,-3.9,3.9,,,35.12,3.72,-0.18,0.0005,0.885,-1.6,-1.4,,OK
2026-08-15 07:21:27,Shenzhen,2026-08-15,30.3,33.5,30°C,0.0005,"{""33°C"": 0.08, ""31°C"": 0.004, ""32°C"": 0.865, ""36°C"": 0.0005, ""37°C or higher"": 0.0005, ""27°C or below"": 0.0005, ""35°C"": 0.0025, ""29°C"": 0.0005, ""28°C"": 0.0005, ""30°C"": 0.0005, ""34°C"": 0.045}",4da700e6,-7.36,-3.2,3.2,,,32.17,1.87,-1.33,0.0005,0.045,-0.8,-0.8,,OK
2026-08-15 07:21:27,New York,2026-08-15,28.7,29.1,84-85°F,0.355,"{""75°F or below"": 0.0005, ""76-77°F"": 0.0045, ""78-79°F"": 0.0125, ""80-81°F"": 0.08, ""82-83°F"": 0.515, ""84-85°F"": 0.355, ""86-87°F"": 0.06, ""88-89°F"": 0.01, ""90-91°F"": 0.0015, ""92-93°F"": 0.0005, ""94°F or higher"": 0.0005}",4da700e6,-7.36,-0.4,0.4,,,28.48,-0.22,-0.62,0.355,0.355,,,,OK
2026-08-15 07:21:27,Chicago,2026-08-15,24.7,25.7,76-77°F,0.068,"{""75°F or below"": 0.019, ""76-77°F"": 0.068, ""78-79°F"": 0.415, ""80-81°F"": 0.355, ""82-83°F"": 0.155, ""84-85°F"": 0.025, ""86-87°F"": 0.0055, ""88-89°F"": 0.0005, ""90-91°F"": 0.0005, ""92-93°F"": 0.0005, ""94°F or higher"": 0.0005}",4da700e6,-7.36,-1.0,1.0,,,26.54,1.84,0.84,0.068,0.415,,,,OK
2026-08-15 07:21:27,Miami,2026-08-15,32.4,32.8,90-91°F,0.065,"{""79°F or below"": 0.0005, ""80-81°F"": 0.0005, ""82-83°F"": 0.0005, ""84-85°F"": 0.0005, ""86-87°F"": 0.0045, ""88-89°F"": 0.001, ""90-91°F"": 0.065, ""92-93°F"": 0.625, ""94-95°F"": 0.305, ""96-97°F"": 0.01, ""98°F or higher"": 0.0015}",4da700e6,-7.36,-0.4,0.4,,,33.87,1.47,1.07,0.065,0.065,,,,OK
2026-08-15 07:21:27,London,2026-08-15,27.5,28.1,28°C,0.24,"{""20°C or below"": 0.0005, ""21°C"": 0.0005, ""22°C"": 0.0005, ""23°C"": 0.0005, ""24°C"": 0.006, ""25°C"": 0.1, ""26°C"": 0.255, ""27°C"": 0.44, ""28°C"": 0.24, ""29°C"": 0.017, ""30°C or higher"": 0.007}",4da700e6,-7.36,-0.6,0.6,,,26.83,-0.67,-1.27,0.24,0.24,,,,OK
2026-08-15 07:21:27,Paris,2026-08-15,34.3,34.9,34°C,0.345,"{""30°C or below"": 0.0075, ""31°C"": 0.034, ""32°C"": 0.1195, ""33°C"": 0.43, ""34°C"": 0.345, ""35°C"": 0.07, ""36°C"": 0.0325, ""37°C"": 0.005, ""38°C"": 0.0005, ""39°C"": 0.0005, ""40°C or higher"": 0.0005}",4da700e6,-7.36,-0.6,0.6,,,33.38,-0.92,-1.52,0.345,0.07,,,,OK
2026-08-15 07:21:27,Ankara,2026-08-15,27.7,28.2,28°C,0.06,"{""32°C"": 0.0005, ""33°C or higher"": 0.0005, ""23°C or below"": 0.0005, ""24°C"": 0.0005, ""25°C"": 0.065, ""26°C"": 0.355, ""27°C"": 0.53, ""28°C"": 0.06, ""29°C"": 0.0015, ""30°C"": 0.0005, ""31°C"": 0.0005}",4da700e6,-7.36,-0.5,0.5,,,26.59,-1.11,-1.61,0.06,0.06,,,,OK
2026-08-15 07:21:27,Buenos Aires,2026-08-15,14.3,13.2,14°C,0.03,"{""12°C or below"": 0.0005, ""13°C"": 0.0005, ""14°C"": 0.03, ""15°C"": 0.175, ""16°C"": 0.645, ""17°C"": 0.145, ""18°C"": 0.025, ""19°C"": 0.0045, ""20°C"": 0.0005, ""21°C"": 0.0005, ""22°C or higher"": 0.0005}",4da700e6,-7.36,1.1,1.1,,,15.98,1.68,2.78,0.03,0.0005,,,,OK
2026-08-15 07:56:22,Hong Kong,2026-08-15,30.7,31.5,31°C,0.985,"{""27°C or below"": 0.0005, ""28°C"": 0.0005, ""29°C"": 0.0005, ""30°C"": 0.0005, ""31°C"": 0.985, ""32°C"": 0.015, ""33°C"": 0.0035, ""34°C"": 0.0015, ""35°C"": 0.0005, ""36°C"": 0.0005, ""37°C or higher"": 0.0005}",c44c5d47,-7.94,-0.8,0.8,,,31.03,0.33,-0.47,0.985,0.015,-0.4,-0.8,,OK
2026-08-15 07:56:22,Tokyo,2026-08-15,28.5,30.5,28°C,0.0005,"{""24°C or below"": 0.0005, ""25°C"": 0.0005, ""26°C"": 0.0005, ""27°C"": 0.0005, ""28°C"": 0.0005, ""29°C"": 0.9995, ""30°C"": 0.0005, ""31°C"": 0.001, ""32°C"": 0.0005, ""33°C"": 0.0005, ""34°C or higher"": 0.0005}",c44c5d47,-7.94,-2.0,2.0,,,29.0,0.5,-1.5,0.0005,0.0005,2.0,0.3,,OK
2026-08-15 07:56:22,Shanghai,2026-08-15,30.7,30.9,31°C,0.995,"{""25°C or below"": 0.0005, ""26°C"": 0.0005, ""27°C"": 0.0005, ""28°C"": 0.0005, ""29°C"": 0.0005, ""30°C"": 0.0005, ""31°C"": 0.995, ""32°C"": 0.003, ""33°C"": 0.0005, ""34°C"": 0.0005, ""35°C or higher"": 0.0005}",c44c5d47,-7.94,-0.2,0.2,,,31.0,0.3,0.1,0.995,0.995,1.3,2.1,,OK
2026-08-15 07:56:22,Qingdao,2026-08-15,31.1,30.3,31°C,0.98,"{""33°C"": 0.0025, ""34°C"": 0.0005, ""35°C or higher"": 0.0005, ""32°C"": 0.025, ""25°C or below"": 0.0005, ""26°C"": 0.0005, ""27°C"": 0.0005, ""28°C"": 0.0005, ""29°C"": 0.0005, ""30°C"": 0.0005, ""31°C"": 0.98}",c44c5d47,-7.94,0.8,0.8,,,31.02,-0.08,0.72,0.98,0.0005,-0.9,-1.2,,OK
2026-08-15 07:56:22,Seoul,2026-08-15,28.2,25.2,28°C,0.9905,"{""34°C or higher"": 0.0005, ""24°C or below"": 0.0005, ""25°C"": 0.0005, ""26°C"": 0.0005, ""27°C"": 0.0005, ""28°C"": 0.9905, ""29°C"": 0.0065, ""30°C"": 0.0005, ""31°C"": 0.0005, ""32°C"": 0.0005, ""33°C"": 0.0005}",c44c5d47,-7.94,3.0,3.0,,,28.01,-0.19,2.81,0.9905,0.0005,-0.1,-2.6,,OK
2026-08-15 07:56:22,Guangzhou,2026-08-15,32.8,35.3,33°C,0.0005,"{""29°C or below"": 0.0005, ""30°C"": 0.0005, ""31°C"": 0.0005, ""32°C"": 0.0005, ""33°C"": 0.0005, ""34°C"": 0.0005, ""35°C"": 0.94, ""36°C"": 0.06, ""37°C"": 0.0055, ""38°C"": 0.0005, ""39°C or higher"": 0.0005}",c44c5d47,-7.94,-2.5,2.5,,,35.06,2.26,-0.24,0.0005,0.94,-0.2,-1.4,,OK
2026-08-15 07:56:22,Shenzhen,2026-08-15,31.2,33.5,31°C,0.0005,"{""33°C"": 0.105, ""31°C"": 0.0005, ""32°C"": 0.875, ""36°C"": 0.0005, ""37°C or higher"": 0.0005, ""27°C or below"": 0.0005, ""35°C"": 0.002, ""29°C"": 0.0005, ""28°C"": 0.0005, ""30°C"": 0.0005, ""34°C"": 0.025}",c44c5d47,-7.94,-2.3,2.3,,,32.16,0.96,-1.34,0.0005,0.025,0.1,-0.8,,OK
2026-08-15 07:56:22,New York,2026-08-15,28.6,29.1,82-83°F,0.525,"{""75°F or below"": 0.0005, ""76-77°F"": 0.0045, ""78-79°F"": 0.0125, ""80-81°F"": 0.08, ""82-83°F"": 0.525, ""84-85°F"": 0.345, ""86-87°F"": 0.035, ""88-89°F"": 0.011, ""90-91°F"": 0.0015, ""92-93°F"": 0.0005, ""94°F or higher"": 0.0005}",c44c5d47,-7.94,-0.5,0.5,,,28.43,-0.17,-0.67,0.525,0.345,,,,OK
2026-08-15 07:56:22,Chicago,2026-08-15,26.5,25.7,80-81°F,0.355,"{""75°F or below"": 0.019, ""76-77°F"": 0.063, ""78-79°F"": 0.425, ""80-81°F"": 0.355, ""82-83°F"": 0.145, ""84-85°F"": 0.025, ""86-87°F"": 0.0055, ""88-89°F"": 0.0005, ""90-91°F"": 0.0005, ""92-93°F"": 0.0005, ""94°F or higher"": 0.0005}",c44c5d47,-7.94,0.8,0.8,,,26.53,0.03,0.83,0.355,0.425,,,,OK
2026-08-15 07:56:22,Miami,2026-08-15,32.9,32.8,90-91°F,0.065,"{""79°F or below"": 0.0005, ""80-81°F"": 0.0005, ""82-83°F"": 0.0005, ""84-85°F"": 0.0005, ""86-87°F"": 0.0045, ""88-89°F"": 0.0015, ""90-91°F"": 0.065, ""92-93°F"": 0.62, ""94-95°F"": 0.305, ""96-97°F"": 0.0105, ""98°F or higher"": 0.002}",c44c5d47,-7.94,0.1,0.1,,,33.87,0.97,1.07,0.065,0.065,,,,OK
2026-08-15 07:56:22,London,2026-08-15,27.4,28.1,27°C,0.42,"{""20°C or below"": 0.0005, ""21°C"": 0.0005, ""22°C"": 0.0005, ""23°C"": 0.0005, ""24°C"": 0.011, ""25°C"": 0.135, ""26°C"": 0.28, ""27°C"": 0.42, ""28°C"": 0.175, ""29°C"": 0.019, ""30°C or higher"": 0.007}",c44c5d47,-7.94,-0.7,0.7,,,26.66,-0.74,-1.44,0.42,0.175,,,,OK
2026-08-15 07:56:22,Paris,2026-08-15,32.5,34.9,32°C,0.2105,"{""30°C or below"": 0.017, ""31°C"": 0.063, ""32°C"": 0.2105, ""33°C"": 0.43, ""34°C"": 0.255, ""35°C"": 0.065, ""36°C"": 0.0305, ""37°C"": 0.0045, ""38°C"": 0.0005, ""39°C"": 0.0005, ""40°C or higher"": 0.0005}",c44c5d47,-7.94,-2.4,2.4,,,33.1,0.6,-1.8,0.2105,0.065,,,,OK
2026-08-15 07:56:22,Ankara,2026-08-15,27.5,28.2,28°C,0.055,"{""32°C"": 0.0005, ""33°C or higher"": 0.0005, ""23°C or below"": 0.0005, ""24°C"": 0.0005, ""25°C"": 0.065, ""26°C"": 0.415, ""27°C"": 0.505, ""28°C"": 0.055, ""29°C"": 0.0015, ""30°C"": 0.0005, ""31°C"": 0.0005}",c44c5d47,-7.94,-0.7,0.7,,,26.54,-0.96,-1.66,0.055,0.055,,,,OK
2026-08-15 07:56:22,Buenos Aires,2026-08-15,14.5,13.2,14°C,0.03,"{""12°C or below"": 0.0005, ""13°C"": 0.0005, ""14°C"": 0.03, ""15°C"": 0.175, ""16°C"": 0.655, ""17°C"": 0.145, ""18°C"": 0.025, ""19°C"": 0.0035, ""20°C"": 0.0005, ""21°C"": 0.0005, ""22°C or higher"": 0.0005}",c44c5d47,-7.94,1.3,1.3,,,15.98,1.48,2.78,0.03,0.0005,,,,OK
2026-08-15 08:14:30,Hong Kong,2026-08-15,30.7,31.5,31°C,0.987,"{""27°C or below"": 0.0005, ""28°C"": 0.0005, ""29°C"": 0.0005, ""30°C"": 0.0005, ""31°C"": 0.987, ""32°C"": 0.0175, ""33°C"": 0.002, ""34°C"": 0.001, ""35°C"": 0.0005, ""36°C"": 0.0005, ""37°C or higher"": 0.0005}",2f3d749a,-8.24,-0.8,0.8,,,31.03,0.33,-0.47,0.987,0.0175,-0.4,-0.8,,OK
2026-08-15 08:14:30,Tokyo,2026-08-15,28.5,30.5,28°C,0.0005,"{""24°C or below"": 0.0005, ""25°C"": 0.0005, ""26°C"": 0.0005, ""27°C"": 0.0005, ""28°C"": 0.0005, ""29°C"": 0.998, ""30°C"": 0.0005, ""31°C"": 0.0005, ""32°C"": 0.0005, ""33°C"": 0.0005, ""34°C or higher"": 0.0005}",2f3d749a,-8.24,-2.0,2.0,,,29.0,0.5,-1.5,0.0005,0.0005,2.0,0.3,,OK
2026-08-15 08:14:30,Shanghai,2026-08-15,30.7,30.9,31°C,0.997,"{""25°C or below"": 0.0005, ""26°C"": 0.0005, ""27°C"": 0.0005, ""28°C"": 0.0005, ""29°C"": 0.0005, ""30°C"": 0.0005, ""31°C"": 0.997, ""32°C"": 0.0025, ""33°C"": 0.0005, ""34°C"": 0.0005, ""35°C or higher"": 0.0005}",2f3d749a,-8.24,-0.2,0.2,,,31.0,0.3,0.1,0.997,0.997,1.3,2.1,,OK
2026-08-15 08:14:30,Qingdao,2026-08-15,31.1,30.3,31°C,0.9855,"{""33°C"": 0.002, ""34°C"": 0.0005, ""35°C or higher"": 0.0005, ""32°C"": 0.0055, ""25°C or below"": 0.0005, ""26°C"": 0.0005, ""27°C"": 0.0005, ""28°C"": 0.0005, ""29°C"": 0.0005, ""30°C"": 0.0005, ""31°C"": 0.9855}",2f3d749a,-8.24,0.8,0.8,,,31.0,-0.1,0.7,0.9855,0.0005,-0.9,-1.2,,OK
2026-08-15 08:14:30,Seoul,2026-08-15,28.2,25.2,28°C,0.997,"{""34°C or higher"": 0.0005, ""24°C or below"": 0.0005, ""25°C"": 0.0005, ""26°C"": 0.0005, ""27°C"": 0.0005, ""28°C"": 0.997, ""29°C"": 0.0035, ""30°C"": 0.0025, ""31°C"": 0.0005, ""32°C"": 0.0005, ""33°C"": 0.0005}",2f3d749a,-8.24,3.0,3.0,,,28.01,-0.19,2.81,0.997,0.0005,-0.1,-2.6,,OK
2026-08-15 08:14:30,Guangzhou,2026-08-15,32.8,35.3,33°C,0.0005,"{""29°C or below"": 0.0005, ""30°C"": 0.0005, ""31°C"": 0.0005, ""32°C"": 0.0005, ""33°C"": 0.0005, ""34°C"": 0.0005, ""35°C"": 0.945, ""36°C"": 0.095, ""37°C"": 0.002, ""38°C"": 0.0005, ""39°C or higher"": 0.0005}",2f3d749a,-8.24,-2.5,2.5,,,35.09,2.29,-0.21,0.0005,0.945,-0.2,-1.4,,OK
2026-08-15 08:14:30,Shenzhen,2026-08-15,31.2,33.5,31°C,0.0005,"{""33°C"": 0.035, ""31°C"": 0.0005, ""32°C"": 0.975, ""36°C"": 0.0005, ""37°C or higher"": 0.0005, ""27°C or below"": 0.0005, ""35°C"": 0.0015, ""29°C"": 0.0005, ""28°C"": 0.0005, ""30°C"": 0.0005, ""34°C"": 0.0055}",2f3d749a,-8.24,-2.3,2.3,,,32.05,0.85,-1.45,0.0005,0.0055,0.1,-0.8,,OK
2026-08-15 08:14:30,New York,2026-08-15,28.6,29.1,82-83°F,0.535,"{""75°F or below"": 0.0005, ""76-77°F"": 0.0045, ""78-79°F"": 0.0125, ""80-81°F"": 0.08, ""82-83°F"": 0.535, ""84-85°F"": 0.35, ""86-87°F"": 0.035, ""88-89°F"": 0.011, ""90-91°F"": 0.0015, ""92-93°F"": 0.0005, ""94°F or higher"": 0.0005}",2f3d749a,-8.24,-0.5,0.5,,,28.43,-0.17,-0.67,0.535,0.35,,,,OK
2026-08-15 08:14:30,Chicago,2026-08-15,26.5,25.8,80-81°F,0.355,"{""75°F or below"": 0.019, ""76-77°F"": 0.063, ""78-79°F"": 0.425, ""80-81°F"": 0.355, ""82-83°F"": 0.145, ""84-85°F"": 0.025, ""86-87°F"": 0.0055, ""88-89°F"": 0.0005, ""90-91°F"": 0.0005, ""92-93°F"": 0.0005, ""94°F or higher"": 0.0005}",2f3d749a,-8.24,0.7,0.7,,,26.53,0.03,0.73,0.355,0.425,,,,OK
2026-08-15 08:14:30,Miami,2026-08-15,32.9,32.7,90-91°F,0.09,"{""79°F or below"": 0.0005, ""80-81°F"": 0.0005, ""82-83°F"": 0.0005, ""84-85°F"": 0.0005, ""86-87°F"": 0.0045, ""88-89°F"": 0.0015, ""90-91°F"": 0.09, ""92-93°F"": 0.655, ""94-95°F"": 0.25, ""96-97°F"": 0.0085, ""98°F or higher"": 0.002}",2f3d749a,-8.24,0.2,0.2,,,33.78,0.88,1.08,0.09,0.09,,,,OK
2026-08-15 08:14:30,London,2026-08-15,27.4,28.1,27°C,0.375,"{""20°C or below"": 0.0005, ""21°C"": 0.0005, ""22°C"": 0.0005, ""23°C"": 0.0005, ""24°C"": 0.0305, ""25°C"": 0.105, ""26°C"": 0.355, ""27°C"": 0.375, ""28°C"": 0.145, ""29°C"": 0.016, ""30°C or higher"": 0.007}",2f3d749a,-8.24,-0.7,0.7,,,26.55,-0.85,-1.55,0.375,0.145,,,,OK
2026-08-15 08:14:30,Paris,2026-08-15,32.5,34.9,32°C,0.198,"{""30°C or below"": 0.017, ""31°C"": 0.057, ""32°C"": 0.198, ""33°C"": 0.44, ""34°C"": 0.285, ""35°C"": 0.045, ""36°C"": 0.0085, ""37°C"": 0.0035, ""38°C"": 0.0005, ""39°C"": 0.0005, ""40°C or higher"": 0.0005}",2f3d749a,-8.24,-2.4,2.4,,,33.05,0.55,-1.85,0.198,0.045,,,,OK
2026-08-15 08:14:30,Ankara,2026-08-15,27.5,28.2,28°C,0.05,"{""32°C"": 0.0005, ""33°C or higher"": 0.0005, ""23°C or below"": 0.0005, ""24°C"": 0.0005, ""25°C"": 0.065, ""26°C"": 0.47, ""27°C"": 0.435, ""28°C"": 0.05, ""29°C"": 0.001, ""30°C"": 0.0005, ""31°C"": 0.0005}",2f3d749a,-8.24,-0.7,0.7,,,26.47,-1.03,-1.73,0.05,0.05,,,,OK
2026-08-15 08:14:30,Buenos Aires,2026-08-15,14.5,13.2,14°C,0.025,"{""12°C or below"": 0.0005, ""13°C"": 0.0005, ""14°C"": 0.025, ""15°C"": 0.175, ""16°C"": 0.665, ""17°C"": 0.145, ""18°C"": 0.025, ""19°C"": 0.0045, ""20°C"": 0.0005, ""21°C"": 0.0005, ""22°C or higher"": 0.0005}",2f3d749a,-8.24,1.3,1.3,,,15.99,1.49,2.79,0.025,0.0005,,,,OK
